strain	plugging_status	cer1_copies	cer1_locations	plg1_coverage	cer1_coverage	plg1_cer1_junctions	plg1_orphans	cer1_orphans	plg1_only	plg1_insert_mean	plg1_insert_std	notes
AB1	nonplugging	1		73.1971	78.3186	96	0	0	0	0	0	
AB4	plugging	3		61.2163	166.7852	0	0	0	34	9104.705882	52.59363046	
BBA2	plugging	1		48.6459	29.0678	0	0	0	5	9114.4	16.10714127	
BRC20067	plugging	1		48.2882	34.005	0	0	0	53	9229.509434	70.66600224	
BRC20113	plugging	1		68.2621	40.7772	0	0	0	64	9252.546875	66.48823432	
BRC20231	plugging	4	III:11040271(1)	85.3133	309.384	0	0	32	73	9242.109589	87.95758032	
BRC20263	plugging	1		75.9327	52.524	0	0	1	42	9209.666667	78.93266168	
BRC20558	plugging	0		30.6779	10.5502	0	0	0	12	9110.5	22.92196908	
CB4852	nonplugging	1		201.3622	207.5516	232	0	0	0	0	0	
CB4854	plugging	1		49.6753	29.2798	0	0	0	39	9136.512821	50.78202377	
CB4856	plugging	1		82.1088	59.8472	0	0	0	74	14756.89189	47931.08154	exp_validated
CB4932	nonplugging	4		57.091	254.7616	66	0	1	0	0	0	
CX11254	plugging	4	III:13554341(7)	56.1263	214.4556	0	0	0	40	9129.575	53.02729839	
CX11262	plugging	7	"III:9656264(4),III:13554302(10)"	48.7391	342.7742	0	0	2	36	9120.5	43.12095392	
CX11264	plugging	4	III:13554320(5)	61.7457	225.5672	0	0	0	28	9118.678571	46.56566299	
CX11271	plugging	6	"III:5752605(12),III:8801211(8),III:10227036(7)"	55.7185	358.3296	0	0	0	30	9121.4	45.46471159	
CX11276	plugging	3		57.2443	162.9632	0	0	0	33	9115.030303	48.37071794	
CX11285	plugging	5	"III:5752604(22),III:10226887(5),III:12303383(17)"	112.0275	606.9584	0	0	0	50	9120.6	41.41787054	
CX11292	plugging	3		50.3475	127.7844	0	0	0	23	9149.26087	67.37320935	
CX11307	plugging	8	III:13554338(2)	62.28	527.8672	0	0	16	41	9115.97561	47.69746519	
CX11314	plugging	4	III:13554343(14)	71.523	271.3976	0	0	0	46	9127.673913	45.33261344	
CX11315	plugging	2	III:13554321(9)	63.4562	106.0044	0	0	0	55	9106.636364	35.41153568	
DL200	plugging	3		49.599	157.9906	0	0	0	37	9130.513514	48.33644567	
DL226	plugging	1	III:1819175(21)	85.546	96.4304	0	0	0	39	9113.641026	61.16957815	
DL238	plugging	2		71.5426	121.6796	0	0	0	62	9146.741935	53.55851051	
ECA1069	plugging	2	"III:7155128(9),III:7677874(1)"	62.0251	100.8098	0	0	0	14	9112.214286	33.52222839	
ECA1070	plugging	2		30.5366	62.2722	2	0	0	24	9205.375	41.46968019	
ECA1071	plugging	2		41.4953	75.4942	0	0	0	10	9145.7	34.06772666	
ECA1072	ambiguous	1		24.75	32.491	0	0	0	1	9049	0	
ECA1073	plugging	1		29.1946	37.6188	0	0	0	6	9140	46.74398357	
ECA1074	plugging	1		50.0473	73.5824	0	0	1	17	9129.176471	13.0033267	
ECA1184	ambiguous	2	III:9072278(2)	42.3824	71.6898	0	0	0	29	177304.1724	889967.5889	
ECA1185	ambiguous	2	III:10811509(1)	31.7112	48.6824	0	0	0	6	47299.33333	85429.28098	
ECA1186	plugging	2	III:11768559(1)	31.3673	58.7348	0	0	0	7	9148.285714	36.09793934	
ECA1187	plugging	1		46.9664	63.0304	0	0	0	14	9153.071429	57.16575434	
ECA1188	ambiguous	2	III:9492849(1)	38.9337	59.3178	0	0	1	15	267602.2	967152.9027	
ECA1189	ambiguous	2		27.856	48.753	0	0	0	20	253014.1	1063017.511	
ECA1190	ambiguous	1		38.9956	56.5428	0	0	0	27	152735.963	732223.329	
ECA1191	ambiguous	5		18.992	96.951	0	0	0	9	956677.1111	2680060.173	
ECA1192	plugging	1		48.2128	34.401	0	0	0	31	36432.09677	149544.312	exp_validated
ECA1193	ambiguous	2	III:876597(1)	23.7121	40.2886	0	0	0	13	384326.3846	1299672.792	
ECA1194	ambiguous	2		21.4565	35.522	0	0	0	7	647965.2857	1564802.517	
ECA1195	ambiguous	2		31.2055	65.3852	0	0	0	5	388777.8	759329.1004	
ECA1196	plugging	0		17.303	6.22	0	0	0	7	9114.857143	37.11537445	
ECA1197	plugging	5	"III:1208036(2),III:5539717(1)"	34.8419	185.5108	0	0	0	25	9143.4	47.32863826	
ECA1198	plugging	6	III:7927939(2)	40.5942	227.6134	0	0	1	18	9122.777778	50.09829844	
ECA1199	plugging	2		37.3624	61.6734	0	0	0	16	9150.4375	39.04959787	
ECA1200	ambiguous	6	III:6528424(1)	39.0279	235.5164	0	0	1	25	239095.12	1126580.729	
ECA1201	ambiguous	6		24.6013	140.9918	0	0	1	6	1685726.667	2372661.729	
ECA1202	plugging	5	III:12412153(1)	34.2729	175.052	0	0	2	12	9152.5	46.51075145	
ECA1203	plugging	4	III:4978200(2)	27.3146	111.3478	0	0	0	11	9133.727273	32.40395854	
ECA1204	plugging	4	"III:4052219(1),III:4913681(1)"	36.4153	129.2062	0	0	1	24	9150.25	48.43573922	
ECA1205	ambiguous	4		25.0612	104.4572	0	0	0	4	9112	8	
ECA1206	plugging	6	III:13660206(1)	34.8449	206.4876	0	0	7	18	9121.611111	43.46408337	
ECA1207	ambiguous	3		41.4437	143.5622	0	0	0	14	1258309.143	3059835.984	
ECA1208	plugging	4		32.2832	136.2908	0	0	0	21	9157.761905	44.9803182	
ECA1209	plugging	6		33.8121	215.695	0	0	0	11	9128.363636	44.51204684	
ECA1210	ambiguous	4	"III:3281096(1),III:11679623(1)"	35.7194	157.4104	0	0	0	10	159263.4	450437.8682	
ECA1211	plugging	6	III:3885835(1)	24.7355	156.7104	0	0	0	5	9131.6	29.21369542	
ECA1212	plugging	6	"III:3296754(1),III:11795199(1),III:13636516(1)"	40.3039	241.5608	0	0	1	18	9114.166667	41.09913489	
ECA1213	plugging	4	III:11497609(1)	25.8303	100.207	0	0	1	6	9162.833333	26.35916455	
ECA1214	ambiguous	4	"III:617595(1),III:3964071(1),III:4970430(1),III:12158933(2),III:13575909(1)"	29.2217	114.3094	0	0	2	2	9077	0	
ECA1215	plugging	5		29.3666	146.4312	0	0	0	13	9134.307692	48.95270027	
ECA1216	ambiguous	5	III:1158647(1)	36.6321	191.6606	0	0	0	2	9147	0	
ECA1217	ambiguous	5	"III:6980030(1),III:8894998(1),III:9563037(1)"	34.6564	178.4824	0	0	2	4	9164	18.78829423	
ECA1218	plugging	5	III:6169270(1)	22.9169	119.3436	0	0	0	8	9147.5	32.90896534	
ECA1220	plugging	4		48.5849	194.6404	0	0	0	9	9117.111111	43.915182	
ECA1221	plugging	4		17.1255	70.2904	0	0	0	9	9123.111111	25.435952	
ECA1222	plugging	5		19.5764	96.9634	0	0	0	9	9163.222222	32.58758379	
ECA1223	plugging	3		40.1427	137.3454	0	0	2	5	9125.8	34.69524463	
ECA1224	plugging	4		31.1756	124.6288	0	0	0	12	9157.166667	53.73675547	
ECA1225	plugging	5		22.9795	109.9184	0	0	0	9	9103.666667	37.42548152	
ECA1226	ambiguous	5		19.0118	91.0246	0	0	0	3	9198.333333	3.299831646	
ECA1227	ambiguous	5		29.5025	154.8414	0	0	1	28	81245.46429	374680.993	
ECA1228	plugging	5		24.2046	122.0642	0	0	1	8	9131.5	40.64787817	
ECA1229	plugging	2	III:5426335(1)	35.1873	86.171	0	0	1	8	9138.75	32.68696223	
ECA1230	plugging	3	"III:7596929(1),III:8080978(1)"	37.6156	102.5954	0	0	0	25	9117.24	41.31177072	
ECA1231	plugging	3		26.842	76.4154	0	0	1	22	9156.409091	50.69934471	
ECA1232	plugging	0		26.7073	10.8048	0	0	0	12	9159.333333	18.01542549	
ECA1233	plugging	2	III:13732093(1)	24.8106	56.36	0	0	2	7	9135.285714	7.496938151	
ECA1234	plugging	5	III:2250774(1)	26.9771	131.6472	0	0	1	13	9101.846154	21.74625044	
ECA1235	plugging	6	III:5419397(1)	40.3478	229.7262	0	0	2	19	9111.263158	22.53848663	
ECA1236	ambiguous	4	"III:7961874(1),III:8152919(1)"	18.8187	82.2046	0	0	0	1	9076	0	
ECA1237	plugging	5	III:8372394(2)	39.311	192.9822	0	0	1	11	9111.545455	40.54035842	
ECA1238	ambiguous	2		48.3266	73.6348	0	0	0	19	417258.5789	1189889.913	
ECA1239	plugging	1		35.8146	51.9218	0	0	0	11	9131.909091	34.42899028	
ECA1240	plugging	0		32.2479	10.3366	0	0	0	5	9067.8	27.6	
ECA1241	plugging	2		26.1395	63.23	0	0	0	6	9099.166667	39.90161512	
ECA1242	plugging	2		19.4899	45.8528	0	0	0	8	9109.5	10.31988372	
ECA1243	plugging	3	"III:4671904(1),III:5650959(1),III:10979692(1)"	25.6452	89.0512	0	0	1	8	9144.375	40.78890014	
ECA1244	plugging	4	"III:7638890(1),III:8685116(1)"	26.8153	100.8256	0	0	0	7	9159.142857	56.05718654	
ECA1245	plugging	4	"III:1626496(1),III:8199872(1)"	22.8273	84.84	0	0	0	8	9126.625	16.64284756	
ECA1246	plugging	5	III:9376389(1)	22.2608	104.4126	0	0	1	17	9118.176471	29.01568601	
ECA1247	plugging	4	"III:6019398(1),III:6331320(1)"	39.6147	143.7502	0	0	0	8	9135	40.55859958	
ECA1249	plugging	6	"III:4725281(1),III:5680358(1),III:13721405(1)"	40.8004	248.349	0	0	1	15	9162.266667	33.58465258	
ECA1250	ambiguous	3		17.6602	53.1002	0	0	0	13	332693.3077	1120871.477	
ECA1251	plugging	3		20.6253	61.8974	0	0	1	8	9153	9.246621004	
ECA1252	plugging	5	"III:3941385(1),III:13210055(1),III:13438644(4)"	43.5832	237.4416	0	0	1	21	9103.380952	23.54019094	
ECA1253	plugging	2	III:6076691(1)	39.051	71.4308	0	0	0	17	9101.882353	24.8309161	
ECA1254	plugging	9	"III:5986721(2),III:10355178(9),III:13554183(5)"	38.7203	329.7464	0	0	0	16	9124	34.64823228	
ECA1255	plugging	7		35.9011	236.8272	0	0	1	11	9113.181818	40.32553484	
ECA1256	plugging	6	"III:1527337(1),III:2138407(1)"	30.7989	184.747	0	0	0	10	9130.8	33.61190265	
ECA1257	ambiguous	8	"III:575713(1),III:9018874(1),III:10355110(4),III:13554331(1)"	29.7107	237.8646	0	0	1	4	9141	37	
ECA1258	plugging	9	"III:2325129(1),III:2907121(1),III:3067732(1),III:10355883(4)"	24.1371	214.3758	0	0	0	15	9135.8	40.13012169	
ECA1259	ambiguous	2	III:5727099(1)	25.1249	44.749	0	0	0	4	9087	19	
ECA1260	plugging	2		33.7048	67.1432	0	0	0	10	9142	43.57063231	
ECA1261	plugging	3		19.99	67.2158	0	0	1	9	9144.222222	41.20349979	
ECA1262	ambiguous	2		26.0119	61.2702	0	0	0	4	9155	0	
ECA1263	plugging	2		22.7309	51.3744	0	0	0	8	9109.625	33.97770409	
ECA1264	plugging	3		23.6116	59.4126	0	0	0	8	9157.75	33.56988978	
ECA1265	plugging	5		21.7408	98.5434	0	0	2	13	9142.769231	22.9519694	
ECA1266	plugging	5	"III:1531084(2),III:6696425(1),III:7158471(1)"	51.5974	242.1246	0	0	0	15	9127.133333	47.99981481	
ECA1267	ambiguous	2	III:12762677(2)	25.0117	61.9564	0	0	1	9	272984	746188.5732	
ECA1268	plugging	3	III:8505715(1)	25.626	64.9254	0	0	0	12	9135.333333	35.68223959	
ECA1269	ambiguous	3	"III:8315751(1),III:12762696(8),III:12881208(1)"	25.4967	73.347	0	0	0	6	855240.6667	1891923.849	
ECA1270	ambiguous	3		22.3901	57.8882	0	0	1	4	9121.75	48.58690667	
ECA1271	plugging	2	"III:2776778(1),III:12017719(1)"	25.3481	61.0402	0	0	0	8	9115	41.49698784	
ECA1272	ambiguous	4		28.3592	120.2174	0	0	2	15	244760.9333	881699.3988	
ECA1273	plugging	3	III:13160692(1)	33.7057	95.3626	0	0	1	7	9119.857143	24.27478746	
ECA1274	ambiguous	4		21.5724	78.3972	0	0	0	4	9156.5	9.5	
ECA1275	plugging	2	III:3869884(1)	24.195	58.0746	0	0	0	18	9150.722222	30.59557985	
ECA1276	ambiguous	5	"III:975777(1),III:3961939(1),III:5868892(3)"	33.4494	172.3728	0	0	1	3	9119	29.69848481	
ECA1277	ambiguous	5	"III:5868845(2),III:6238004(1),III:8572586(1)"	27.6303	151.8862	0	0	1	3	9088.333333	35.31131389	
ECA1278	plugging	3	III:552494(2)	27.259	70.3482	0	0	0	9	9151.555556	19.92826642	
ECA1279	ambiguous	2		36.3303	76.6166	0	0	0	7	771591.2857	1867730.097	
ECA1281	plugging	2		44.3463	96.2264	0	0	1	21	9113.571429	43.06204984	
ECA1282	ambiguous	2		26.9572	65.2644	0	0	0	3	9098.333333	51.40903509	
ECA1283	ambiguous	5	"III:3898561(1),III:8413006(1)"	36.2473	169.3294	0	0	7	19	30679.21053	62818.86199	
ECA1284	plugging	4		34.7406	126.3884	0	0	4	10	9136.4	53.24697174	
ECA1285	plugging	4		28.3683	99.8364	0	0	2	21	9113.333333	41.70341237	
ECA1286	plugging	4	"III:6762686(2),III:10673135(1)"	41.8099	148.9118	0	0	2	11	9115.727273	38.8706267	
ECA1287	plugging	2		27.4039	67.9238	0	0	0	5	9100.6	49.72162507	
ECA1288	plugging	5		54.9702	250.6022	0	0	0	14	9122.071429	39.23275651	
ECA1289	ambiguous	3		33.1846	87.5998	0	0	0	5	1038447	2058590.501	
ECA1290	plugging	3	III:7125331(1)	26.5021	88.7238	0	0	0	8	9095.875	27.10828978	
ECA1291	plugging	3	III:6675006(1)	42.0969	140.392	0	0	2	7	9125.857143	39.61034703	
ECA1292	plugging	3		39.9993	114.5018	0	0	0	12	9113.083333	51.35084928	
ECA1293	plugging	5	"III:2862768(1),III:5241956(1),III:7185551(1)"	61.316	302.3484	0	0	0	25	9133.32	38.43927159	
ECA1294	plugging	5		30.3944	158.9822	0	0	0	9	9132.222222	41.51513185	
ECA1295	plugging	3	"III:4756188(1),III:4799832(1)"	40.7394	136.1766	0	0	1	16	9124.1875	33.01934802	
ECA1296	plugging	3	"III:9023930(1),III:13162029(1)"	37.9798	115.0222	0	0	1	8	9108.5	40.6939799	
ECA1297	plugging	3	"III:6836098(2),III:9448774(1)"	57.1716	164.8604	0	0	2	23	9124.086957	34.605746	
ECA1298	ambiguous	3	"III:9685924(1),III:13557023(1)"	61.232	184.9508	0	0	2	17	451769.1765	1770623.706	
ECA1316	ambiguous	7	"III:474873(1),III:5603180(1),III:11505098(1)"	58.9973	410.752	0	0	0	8	682347.25	1781179.785	
ECA1385	ambiguous	4	III:6073135(2)	25.4041	101.9906	0	0	0	6	563585.6667	1239894.923	
ECA1389	plugging	4	"III:7366903(1),III:13554305(5)"	32.968	117.52	0	0	0	12	9107.25	21.72220446	
ECA1391	plugging	3	III:13554331(4)	32.3712	106.4262	0	0	0	15	9112.666667	42.40230602	
ECA1409	ambiguous	1	"III:3076433(1),III:13160643(1)"	30.655	41.346	0	0	0	11	1618540.182	2655509.05	
ECA1413	plugging	3	III:13553355(4)	39.1128	128.3666	0	0	0	9	9122	34.83612429	
ECA1415	ambiguous	3	"III:8104429(1),III:13554321(7)"	28.4517	82.3764	0	0	1	2	9159	12	
ECA1421	plugging	3	III:13554316(6)	41.849	139.0146	0	0	1	10	9133.5	43.6697836	
ECA1441	ambiguous	3	"III:3696988(1),III:11623944(1)"	30.6887	80.67	0	0	0	8	618782.25	1613081.219	
ECA1465	plugging	2		25.7246	62.8742	0	0	1	10	9135.8	55.77239461	
ECA1467	plugging	2		29.5805	64.1826	0	0	0	11	9118.181818	28.71115774	
ECA1493	plugging	4	"III:2147967(1),III:3219914(1)"	35.4979	138.2668	0	0	3	22	9113.545455	36.18101872	
ECA1515	ambiguous	4		30.4026	109.6098	0	0	0	8	1089346	1884174.775	
ECA1689	plugging	4	"III:1953877(1),III:11005119(2)"	23.4731	82.7006	0	0	0	7	9137.857143	23.91310801	
ECA1691	plugging	5	"III:8954418(1),III:11005038(11)"	29.8522	135.478	0	0	0	22	9088.863636	22.13655031	
ECA1693	plugging	4	III:11922801(1)	21.0618	83.778	0	0	1	5	9118	38.04733893	
ECA1695	plugging	4	III:11005454(4)	33.6934	139.4324	0	0	0	13	9116.692308	35.29738412	
ECA1709	plugging	10	"III:1506164(1),III:5962382(1),III:11703148(2),III:13160643(9)"	17.2563	178.1514	0	0	1	12	9100.75	17.49821419	
ECA1711	plugging	11		23.0065	252.4288	0	0	2	8	9090.5	22.64950331	
ECA1713	plugging	10	"III:8210251(1),III:9003263(1),III:11704787(3),III:13160645(7)"	29.1891	299.284	0	0	7	15	576308.1333	2122289.682	exp_validated
ECA1715	ambiguous	5	"III:2801435(1),III:11011357(4)"	34.6944	157.2786	0	0	1	15	583266.6667	1478640.069	
ECA1717	ambiguous	1		20.4397	22.6636	0	0	0	10	287977.7	836535.1002	
ECA1718	plugging	3	"III:2801425(1),III:13160648(3)"	31.8254	101.3428	0	0	0	18	9124.888889	41.92041254	
ECA1721	ambiguous	4	"III:2801425(1),III:11010236(5)"	25.7113	96.897	0	0	0	5	470140.6	922139.2001	
ECA1723	plugging	2	III:13160946(2)	41.2807	68.238	0	0	0	19	9113.789474	43.65122407	
ECA1725	ambiguous	1	III:13160643(2)	28.2791	26.3498	0	0	0	6	1131747.667	2510318.286	
ECA1727	plugging	1	"III:4162367(1),III:13160643(2)"	31.7115	45.6434	0	0	0	8	9088.25	21.1704393	
ECA1729	plugging	1	III:13160643(1)	19.4114	28.0708	0	0	0	6	9122.333333	14.42990721	
ECA1731	plugging	4		26.5063	104.3452	0	0	0	8	9115.5	64.89799689	
ECA1733	plugging	4	III:415384(1)	26.2279	95.9542	0	0	0	6	9096.666667	36.46307112	
ECA1735	ambiguous	5		28.4113	130.6588	0	0	0	9	855104.8889	2392837.013	
ECA1737	plugging	5		31.4429	145.0956	0	0	0	12	9118.5	30.80990101	
ECA1739	plugging	1	III:13160643(2)	23.9972	14.0786	0	0	0	8	9096.25	28.17245996	
ECA1741	plugging	5		38.1245	180.6156	0	0	1	20	9110.95	35.20010653	
ECA1743	ambiguous	0	III:13160643(4)	18.0573	6.8158	0	0	0	4	9216.5	23.5	
ECA1745	plugging	4	III:10211098(1)	26.3505	117.4838	0	0	0	8	9121.5	31.33687923	
ECA1747	plugging	5		45.986	220.4674	0	0	0	14	9089.5	27.24688711	
ECA1749	plugging	5		39.8891	189.5596	0	0	0	15	9101.8	27.35982456	
ECA1751	plugging	5	III:7018715(1)	43.6262	235.6088	0	0	1	21	379571.1905	1656782.55	exp_validated
ECA1753	ambiguous	5	III:9990611(1)	33.1806	153.123	0	0	0	11	622582.4545	1939973.401	
ECA1755	plugging	4	III:13172106(1)	31.2752	113.2254	0	0	0	12	9096.25	14.65221826	
ECA1757	ambiguous	3	III:3150323(1)	39.0422	128.9712	0	0	0	9	1020683.889	2614796.536	
ECA1759	ambiguous	7	"III:5582879(1),III:8633906(4),III:10226837(4)"	23.903	160.2082	0	0	1	1	9058	0	
ECA1761	ambiguous	0		21.6701	6.33	0	0	0	2	9114	15	
ECA1763	ambiguous	1	III:13160643(2)	38.6964	20.1874	0	0	0	14	244512	848812.2251	
ECA1765	plugging	0	III:13160643(1)	23.7541	7.3524	0	0	0	5	9115.8	30.39342034	
ECA1767	plugging	1	III:13160643(1)	20.5203	13.1434	0	0	0	10	9077.9	14.10992558	
ECA1769	plugging	6	"III:3684624(1),III:13160737(12)"	43.3292	242.5856	0	0	0	14	449569.8571	1588158.012	exp_validated
ECA1771	plugging	6	III:13160770(14)	34.5242	211.8594	0	0	0	12	9118.666667	46.27334246	
ECA1779	plugging	3		22.3201	66.2188	0	0	0	7	9414.142857	807.0017576	
ECA1781	plugging	3		51.388	128.7236	0	0	1	10	9116	21.41027791	
ECA1783	plugging	3	III:8008609(1)	22.8922	68.2148	0	0	0	5	9134	35.63144679	
ECA1785	ambiguous	4		26.6113	97.8398	0	0	0	7	203793.7143	476775.3322	
ECA1787	ambiguous	4	"III:1294180(1),III:5562353(1)"	15.7661	55.549	0	0	0	0	0	0	
ECA1789	plugging	5	III:3836069(1)	16.017	73.1396	0	0	0	10	9090	18.91560203	
ECA1791	plugging	5	III:1123478(1)	20.3489	102.1154	0	0	1	8	9128.5	52.95753015	
ECA1793	plugging	1	III:13160708(5)	26.0286	37.3652	0	0	0	8	9097.875	27.69222589	
ECA1795	plugging	5	III:13160643(7)	18.8575	87.4334	0	0	0	5	9181.6	12.8	
ECA1797	ambiguous	4	III:13160794(2)	21.0541	88.8294	0	0	0	6	1337197.167	2969624.314	
ECA1799	plugging	6	"III:2868664(2),III:5766358(1),III:8819912(1)"	27.3004	166.0058	0	0	3	6	9091.333333	22.16353361	
ECA1801	plugging	5	"III:2869795(4),III:12716758(1),III:13160692(1),III:13554338(10)"	47.9216	256.7998	0	0	2	8	9118.5	58.3030874	
ECA1803	plugging	6	"III:1465893(1),III:2210057(1),III:2625952(1),III:2868702(2),III:7085761(1),III:8596429(1),III:9914991(1),III:13554411(3)"	28.6686	171.2746	0	0	0	10	9109.2	29.06819568	
ECA1805	plugging	6	"III:2868707(1),III:10762877(1),III:11545990(1),III:12273397(1),III:13554385(3)"	39.1766	238.281	0	0	2	12	9103.75	29.60327966	
ECA1807	plugging	5	III:12762325(3)	28.679	132.486	0	0	0	5	9088	12.63328936	
ECA1809	plugging	12	"III:2784909(1),III:8643775(1),III:10560038(6),III:11004739(1),III:12886496(5),III:13554369(6)"	24.8074	307.1558	0	0	0	11	9101.090909	30.60140979	
ECA1811	plugging	11	"III:10411914(1),III:10559810(6),III:11004751(1),III:12886481(5),III:13554358(5)"	23.6459	271.4922	0	0	0	10	9088.4	27.83954023	
ECA1813	ambiguous	10	"III:10559776(2),III:11005141(6),III:12886471(3),III:13160692(1),III:13554354(3)"	32.1684	332.0052	0	0	0	4	778575.25	1332793.9	
ECA1815	plugging	12	"III:4931342(1),III:10559799(4),III:11005055(8),III:11945679(1),III:12886452(6),III:13554271(10)"	30.2197	356.3946	0	0	1	11	9108.636364	37.06326956	
ECA1817	plugging	12	"III:10559788(11),III:11005029(7),III:12886445(5),III:13553804(1),III:13615400(1)"	28.8519	332.2484	0	0	0	5	9119.4	43.82054313	
ECA1819	plugging	12	"III:1348088(1),III:2572315(1),III:10559807(2),III:11005384(2),III:12886568(1),III:13161008(1),III:13554315(8)"	24.3428	280.1178	0	0	1	10	9111.3	37.59534546	
ECA1821	plugging	3	"III:4395755(1),III:13160692(1)"	43.2432	109.1126	0	0	0	17	9096.823529	31.13204382	
ECA1823	ambiguous	3		21.278	65.8214	0	0	0	4	9126.5	48.5	
ECA1825	ambiguous	2	III:13160643(1)	17.5606	29.8942	0	0	0	6	662410.6667	1460805.023	
ECA1827	ambiguous	1	III:13160738(3)	15.5387	11.1354	0	0	0	0	0	0	
ECA1829	ambiguous	1	III:13160738(3)	37.9148	21.316	0	0	0	6	851599.6667	1883935.272	
ECA1831	ambiguous	1	III:13160643(1)	13.7959	17.1546	0	0	1	3	9094	21.21320344	
ECA1833	ambiguous	1	III:13160693(6)	18.0415	19.819	0	0	0	12	1388896.667	2409561.017	
ECA1835	ambiguous	2		31.8424	57.8708	0	0	0	1	9253	0	
ECA1837	plugging	2		23.7088	48.0054	0	0	0	6	9079	25.42308662	
ECA1839	ambiguous	2		34.614	62.2696	0	0	0	11	220012.8182	666942.7581	
ECA1841	plugging	2	III:13140055(2)	41.6133	92.908	0	0	0	12	9100.583333	27.91791042	
ECA1843	plugging	3		24.8232	62.586	0	0	1	19	42680.47368	142319.7486	exp_validated
ECA1845	plugging	1	III:13160793(2)	19.0668	17.6204	0	0	0	6	9105	43.95072999	
ECA1847	plugging	1	III:13160743(3)	22.2613	31.7106	0	0	0	9	9094.444444	26.04317403	
ECA1849	ambiguous	1	"III:7675531(1),III:13160759(5)"	23.6744	32.8792	0	0	0	15	517420.6667	1901928.37	
ECA1851	plugging	2	III:13160919(1)	37.9965	59.573	0	0	0	14	9110.714286	39.84510827	
ECA1853	plugging	8	"III:8634884(4),III:10226953(4)"	41.8733	346.2126	0	0	4	13	9112.230769	55.64192366	
ECA1855	ambiguous	7	III:5545824(1)	16.9673	110.6002	0	0	0	11	778255.2727	2432184.19	
ECA1857	plugging	8	"III:7188001(1),III:8635261(6),III:10226973(3)"	17.6755	137.9178	0	0	0	6	9112.666667	39.3770943	
ECA1859	plugging	8	III:10227356(1)	35.0624	264.712	0	0	0	24	9114.875	35.32623258	
ECA1861	plugging	3		36.7968	127.2416	0	0	0	13	9165.230769	41.16973094	
ECA1863	plugging	4	"III:8234200(1),III:9728800(1),III:13076409(2)"	32.3263	122.9078	0	0	1	6	9092.666667	15.62761089	
ECA1865	plugging	4		30.7039	117.7862	0	0	0	9	9161.222222	164.2368058	
ECA1867	plugging	4		33.9804	150.9696	0	0	0	16	9102.375	36.67232437	
ECA1869	ambiguous	4		17.6295	71.3138	0	0	0	3	9121.666667	30.16988933	
ECA1871	plugging	4	III:9318698(1)	31.3544	139.0704	0	0	0	8	9144.875	108.326402	
ECA1873	plugging	4	III:13554382(3)	27.2932	117.0908	0	0	0	16	9103	38.52272057	
ECA1875	ambiguous	8	"III:3995823(1),III:8188598(1),III:8634052(5),III:10227255(1),III:12886433(9),III:13455042(1),III:13554411(1)"	38.1763	314.3826	0	0	1	16	135854.75	490887.5371	
ECA1877	ambiguous	1	III:13160773(2)	17.9461	10.4572	0	0	0	1	9063	0	
ECA1878	plugging	1		22.734	19.5738	0	0	1	15	9126.533333	52.24412779	
ECA1885	plugging	1	"III:11381253(1),III:13160672(9)"	22.8987	19.8664	0	0	0	3	9137.666667	10.84230398	exp_validated
ECA1887	plugging	1		34.0856	19.604	0	0	0	8	1152579.625	2754161.42	exp_validated
ECA1889	plugging	5	III:13554318(4)	19.8416	90.7476	0	0	0	7	9105.571429	50.11374816	
ECA1891	ambiguous	2		20.0081	45.665	0	0	0	2	1492305	1483192	
ECA1895	ambiguous	6		21.6585	133.603	0	0	3	2	9080	13	
ECA1897	ambiguous	1		36.4504	23.7476	0	0	0	12	292154.6667	938822.0045	
ECA189	plugging	11	III:13554266(5)	57.4345	659.4198	0	0	31	45	9205.644444	58.474745	
ECA1901	plugging	4	"III:12585693(3),III:13554302(7)"	29.8943	125.0274	0	0	0	11	9084.090909	21.65201878	
ECA1903	plugging	6	"III:6596681(1),III:8143925(1),III:9288673(1),III:11418435(1),III:13554085(6)"	31.8756	194.9996	0	0	1	11	9092.909091	29.15305861	
ECA1907	ambiguous	1	III:13160755(5)	27.0224	21.8714	0	0	0	5	1095108	2171908	
ECA1909	ambiguous	5		21.5968	103.825	0	0	0	15	217067.8667	530181.2017	
ECA190	plugging	11	III:13554331(8)	71.8871	790.588	0	0	36	53	9232.377358	69.29489252	
ECA1911	plugging	4		16.4123	72.214	0	0	1	6	9082.666667	19.32758535	
ECA1913	plugging	5	"III:10319693(1),III:11235495(1)"	20.0105	99.3356	0	0	0	8	9118.5	16.58312395	
ECA1915	ambiguous	5	"III:3070202(1),III:10701924(1),III:13670103(1)"	28.5177	137.7888	0	0	0	2	9150	28	
ECA1917	plugging	5	"III:1236330(1),III:6576124(1),III:9307553(1),III:12519065(1)"	53.6196	276.6706	0	0	2	18	9113.944444	32.43021948	
ECA1919	ambiguous	3		30.4733	105.7314	0	0	0	14	357485.7857	1256142.507	
ECA191	plugging	3		69.5288	231.8268	0	0	5	55	9211.836364	47.28127196	
ECA1921	ambiguous	4		22.1017	84.2856	0	0	0	7	1674288.714	2701243.745	
ECA1923	ambiguous	4	III:930391(1)	19.9639	71.8396	0	0	0	4	9125.25	28.85632513	
ECA1925	plugging	3	III:13160773(9)	38.4015	101.8482	0	0	0	10	9117.7	32.52399114	
ECA1927	plugging	4	III:9597983(1)	30.2757	122.5558	0	0	0	15	9219.266667	320.0707144	
ECA1929	ambiguous	4		18.7767	75.1	0	0	1	4	9086.75	42.46984224	
ECA192	plugging	10	III:13554267(6)	45.4503	469.7224	0	0	23	37	9260.540541	62.827776	
ECA1931	ambiguous	8	"III:2133186(1),III:8837219(1),III:10227520(2),III:13554342(2)"	26.4201	199.3412	0	0	0	13	80242	246413.6743	
ECA1933	plugging	8	"III:1580218(1),III:8634900(3),III:10398813(1),III:12886448(4),III:13554365(2)"	31.9662	253.2346	0	0	2	8	9080.375	18.24785946	
ECA1935	plugging	4	"III:5863923(1),III:11502951(2)"	34.445	132.8464	0	0	0	8	9102	21.36586062	
ECA1937	plugging	4	III:12762758(3)	33.5003	117.5568	0	0	2	11	9105.090909	36.0238672	
ECA1939	plugging	1		36.2067	20.5722	0	0	0	6	9104.5	37.96379855	
ECA193	plugging	15	III:13554221(10)	63.1574	920.3286	0	0	32	36	9221.916667	55.64389504	
ECA1943	plugging	2		39.6084	66.8574	0	0	0	11	9110.272727	39.40487028	
ECA1951	plugging	0		33.9819	13.5492	0	0	0	6	9073.333333	23.2856656	
ECA1953	ambiguous	0		35.2349	15.0638	0	0	0	8	245724	626015.3758	
ECA1967	plugging	0		18.632	8.4468	0	0	0	6	9138	0	
ECA1969	plugging	4	"III:12519058(1),III:13435197(2),III:13704820(2)"	41.4688	162.8384	0	0	0	5	9095.2	43.62292975	
ECA1971	plugging	1		35.4078	18.6158	0	0	0	17	9098.588235	37.07870615	
ECA1973	plugging	8	"III:5131751(1),III:10422031(1),III:13270568(1)"	21.0026	170.3558	0	0	3	9	9120.333333	32.70406023	
ECA1975	ambiguous	2		38.4105	81.85	0	0	0	4	9132	0	
ECA1977	plugging	0		30.1132	12.9942	0	0	0	8	9101.25	25.83964977	
ECA1979	plugging	8		25.0442	210.5222	0	0	3	6	9098.5	37.61980861	
ECA1981	plugging	1		25.0371	12.759	0	0	0	8	9096	26.15339366	
ECA1983	plugging	6	III:9825498(1)	25.6747	152.089	0	0	1	21	9136.047619	49.5363995	
ECA1985	plugging	0		22.3525	9.3842	0	0	0	11	9124.818182	21.95788606	
ECA1987	plugging	3		30.7344	95.7568	0	0	0	12	9099.333333	49.14830165	
ECA1989	ambiguous	2		20.7503	40.775	0	0	0	4	9098	8	
ECA1991	plugging	2	III:10121798(1)	27.6437	63.0066	0	0	0	13	9111.538462	62.92439344	
ECA1993	ambiguous	2		30.4713	72.639	0	0	0	1	9082	0	
ECA1995	ambiguous	6	"III:1887298(1),III:2795080(1)"	25.0309	153.316	0	0	0	2	9149.5	40.5	
ECA1997	plugging	9	III:6486102(1)	23.7945	205.8096	0	0	1	6	9082	33.75401211	
ECA2041	plugging	1		37.2961	23.4546	0	0	0	15	9115.2	43.80441378	
ECA2043	plugging	1		25.7187	14.39	0	0	0	7	9098.142857	35.04457803	
ECA2065	ambiguous	3		28.1286	96.0142	0	0	0	5	1953451.4	2381341.329	
ECA2067	plugging	4		32.5768	129.9758	0	0	0	17	9096	26.35057763	
ECA2069	ambiguous	4	III:12274162(1)	27.1353	95.2558	0	0	2	11	262709.3636	801930.0992	
ECA2071	plugging	3		26.604	90.976	0	0	0	8	9102.25	31.95602447	
ECA2073	ambiguous	4	III:7680586(1)	38.5382	136.3286	0	0	0	13	232627.9231	774285.0466	
ECA2075	plugging	3	III:5034138(1)	25.9176	89.732	0	0	0	8	9099.375	20.76618345	
ECA2079	ambiguous	4	III:1246200(1)	16.638	61.6088	0	0	0	1	9081	0	
ECA2081	ambiguous	4	III:9822057(1)	42.0953	165.5878	0	0	1	12	213415.5	677651.7228	
ECA2085	ambiguous	4	III:6700921(2)	33.9925	132.6142	0	0	0	18	388832.1667	1565637.512	
ECA2091	ambiguous	1	"III:6361733(2),III:13160643(2)"	85.8244	47.762	0	0	0	20	124867.55	485379.6406	
ECA2095	ambiguous	3	III:9012408(2)	33.4224	102.4432	0	0	0	16	296184.875	825527.4095	
ECA2097	ambiguous	2		20.0786	37.4274	0	0	0	3	9107.666667	42.89781139	
ECA2099	plugging	6	"III:2802015(1),III:7921862(1),III:11010799(3),III:13160643(2)"	32.2189	190.1962	0	0	1	11	9083.454545	18.60773855	
ECA2101	ambiguous	0		26.7812	7.941	0	0	0	2	9120	0	
ECA2103	ambiguous	0	III:13160643(2)	31.2193	15.0888	0	0	0	15	889662.1333	2331735.39	
ECA2107	ambiguous	3	III:11004395(5)	22.4238	74.3994	0	0	0	0	0	0	
ECA2109	plugging	1		15.9105	10.2018	0	0	0	2	9066	0	exp_validated
ECA2111	plugging	4	III:11005673(6)	29.8356	112.2502	0	0	0	12	9101.333333	36.49505294	
ECA2117	plugging	4	"III:11010702(2),III:12486701(3),III:13160643(2)"	33.2474	118.0458	0	0	0	11	9149.909091	54.02601149	
ECA2119	plugging	5	"III:6946973(1),III:7616786(1),III:8539821(1),III:9863366(1),III:11007996(10),III:12749635(1)"	107.0547	491.3116	0	0	2	17	9162.705882	118.4332846	
ECA2121	plugging	1	III:13160785(2)	25.1585	27.8658	0	0	0	7	9180.857143	49.03185137	
ECA2122	plugging	4	"III:2801449(2),III:11009962(3),III:12486685(1)"	25.6251	109.7368	0	0	1	18	9140.777778	49.45992267	
ECA2125	ambiguous	2	III:13160793(2)	15.9482	37.9938	0	0	0	3	1034994.333	1450802.567	
ECA2127	plugging	4	"III:2801471(2),III:10801034(2),III:11010799(3),III:13160643(1),III:13722481(2)"	45.8454	199.9368	0	0	0	9	9123.777778	48.32477574	
ECA2131	plugging	4	"III:8444216(1),III:13160643(1)"	23.6698	98.6002	0	0	0	6	9105.666667	42.69530289	
ECA2135	ambiguous	2	"III:4792402(1),III:13160643(1)"	14.5261	30.4842	0	0	1	2	3456780	3447668	
ECA2139	plugging	2	III:13160711(4)	14.4795	30.5748	0	0	0	11	9095.545455	36.37522543	
ECA2143	plugging	3	III:2801425(3)	21.7612	63.8602	0	0	0	14	9164.857143	52.53142888	
ECA2147	ambiguous	3	"III:2801425(3),III:8267095(1),III:11010799(1)"	18.1219	56.5774	0	0	0	1	9080	0	
ECA2151	plugging	4	"III:2801362(7),III:11010759(4)"	46.1252	166.9768	0	0	0	3	468247	324686.6657	exp_validated
ECA2155	ambiguous	1	III:13160665(5)	45.2471	40.1116	0	0	0	18	267708.7778	731366.64	
ECA2159	plugging	1	III:13160656(4)	48.8621	34.773	0	0	0	13	9114.384615	26.20199188	
ECA2163	ambiguous	1	III:13160643(1)	17.489	20.4438	0	0	0	4	9148	0	
ECA2167	plugging	5	"III:2801425(1),III:11010799(1)"	25.4273	115.1818	0	0	0	5	9116.2	15.6	
ECA2171	plugging	4	"III:10441338(2),III:11010799(1)"	17.4946	74.6232	0	0	0	6	9091.833333	22.64521043	
ECA2175	plugging	4	"III:1969843(1),III:2801432(10),III:7000981(1),III:10275805(1),III:11010799(5),III:13160643(5)"	44.5287	160.1524	0	0	1	12	9129.75	38.34737062	
ECA2179	ambiguous	3	III:13160928(2)	19.4725	49.4882	0	0	1	4	9141	27	
ECA2183	ambiguous	3	III:13160785(2)	11.4003	32.2554	0	0	0	0	0	0	
ECA2187	ambiguous	2	III:13160713(4)	18.4828	41.3228	0	0	0	2	9094	2	
ECA2191	ambiguous	1	III:13160699(2)	21.3811	27.472	0	0	0	3	9097.666667	23.61261433	
ECA2195	plugging	2		24.6369	58.7274	0	0	0	6	9132	50.61620294	
ECA2199	plugging	1		21.9273	15.9456	0	0	0	22	9144.136364	32.11668421	
ECA2203	plugging	3		18.8773	48.9422	0	0	1	12	9115.666667	27.82484901	
ECA2207	plugging	2	III:3058768(1)	21.6855	50.866	0	0	0	7	9130.571429	53.16781288	
ECA2247	ambiguous	8	"III:2937307(1),III:7374887(1)"	27.0754	230.1338	0	0	0	5	3378081.6	2787875.018	
ECA2249	plugging	5		17.8313	94.286	0	0	0	8	9086.625	33.98873894	
ECA2251	ambiguous	7	III:5399171(1)	26.8839	185.0614	0	0	0	12	651733.9167	1437505.533	
ECA2253	ambiguous	5		21.6612	110.5918	0	0	0	3	9112.666667	0.471404521	
ECA2255	plugging	6	III:5945036(1)	15.2505	90.7356	0	0	2	7	9194.714286	278.8859031	
ECA2281	ambiguous	2	III:13160730(7)	44.8334	86.5448	0	0	0	12	63374.41667	180014.8138	
ECA2283	ambiguous	2	III:13160743(3)	13.9481	24.214	0	0	0	2	9155.5	4.5	
ECA2285	plugging	2	III:13160785(2)	14.2869	30.8422	0	0	0	5	9113.2	36.16296448	
ECA2287	ambiguous	2	"III:4848730(2),III:13160735(3)"	21.0996	34.6328	0	0	0	4	9095	44	
ECA2289	ambiguous	1	III:13160643(1)	11.5707	6.7876	0	0	0	3	662674.6667	924210.719	
ECA2291	plugging	1		29.0021	39.364	0	0	0	7	9111.857143	35.26806962	
ECA2293	plugging	1	III:13160925(1)	23.9793	13.1112	0	0	0	6	9092.333333	18.51725922	
ECA2295	ambiguous	0		22.398	8.1046	0	0	0	2	9101	30	
ECA2307	plugging	1		35.8379	17.961	0	0	0	14	9126.142857	24.85632183	
ECA2309	ambiguous	0		41.1066	17.6502	0	0	0	11	431400.9091	1335382.451	
ECA2311	ambiguous	0	III:13160643(3)	41.2329	17.0426	0	0	0	22	20580.09091	52359.85784	
ECA2313	plugging	1		15.311	9.8608	0	0	0	9	9139.222222	10.71631962	
ECA2315	ambiguous	0		18.0854	7.1692	0	0	0	2	9132	0	
ECA2319	ambiguous	1	III:13160907(1)	21.5366	11.4474	0	0	0	5	455712.8	893184.6001	
ECA2321	plugging	4		71.4695	258.3118	0	0	0	10	9086.3	37.2613741	
ECA2322	plugging	4		20.5125	77.7326	0	0	2	6	9103.5	25.21077812	
ECA2324	plugging	9	"III:7172168(1),III:10226776(1),III:12867516(1)"	29.5058	256.398	0	0	0	7	9078.428571	27.66047796	
ECA2326	ambiguous	9	"III:8635159(1),III:10226864(1)"	27.7606	254.268	0	0	1	7	1681407.286	2806715.533	
ECA2328	plugging	8	III:3922126(1)	29.2421	246.7486	0	0	0	8	9093.75	39.76414843	
ECA2330	plugging	9	III:8635279(2)	18.7075	163.7662	0	0	3	8	9094.875	42.25055473	
ECA2332	plugging	9	"III:8635111(3),III:9749965(1),III:10227192(1),III:10714273(1),III:12891025(1)"	34.6532	326.234	0	0	1	10	9099.1	35.0384075	
ECA2334	plugging	2	"III:12511818(1),III:13160787(4)"	20.3784	45.389	0	0	0	6	9092.833333	40.57263719	
ECA2336	plugging	1	III:13160874(5)	34.7705	27.0322	0	0	0	9	9127.888889	55.35229483	
ECA2338	plugging	1	"III:6103553(1),III:13160715(6)"	25.0112	22.1996	0	0	0	11	9094.090909	46.48060113	
ECA2340	plugging	2	"III:11464843(1),III:13160793(2)"	16.4841	39.7682	0	0	1	5	9135.8	51.66972034	
ECA2342	ambiguous	6	"III:2868629(1),III:13554411(1),III:13634179(1)"	23.8009	150.2044	0	0	0	5	984603	1950977.5	
ECA2344	plugging	6	"III:2868760(3),III:7969322(1),III:9792630(2),III:13431290(1),III:13554366(8)"	50.3643	294.4398	0	0	1	11	9091.454545	22.4068319	
ECA2348	plugging	7	"III:2947815(1),III:6616237(1),III:10559635(7),III:11005232(3),III:12886448(5),III:13554332(1),III:13743718(2)"	25.8198	190.9614	0	0	0	7	9073.428571	7.70634512	
ECA2350	plugging	6	"III:4563392(2),III:10559745(6),III:11005114(9),III:12886425(2),III:13554323(1)"	30.3913	188.9212	0	0	0	5	9068.6	3.2	
ECA2352	plugging	7	"III:9377877(1),III:10559732(4),III:11005011(5),III:12886436(6),III:13554375(2)"	22.0781	150.1644	0	0	1	12	9092.916667	31.03615723	
ECA2354	ambiguous	2		22.556	44.4838	0	0	0	0	0	0	
ECA2356	ambiguous	2		19.3264	39.8042	0	0	0	7	287958.5714	683050.5966	
ECA2358	plugging	2	III:322380(1)	29.3806	56.6868	0	0	0	24	9098.5	30.96772513	
ECA2360	ambiguous	2		21.0192	32.0024	0	0	0	4	9123.25	38.83538979	
ECA2362	ambiguous	2		36.5856	67.5988	0	0	0	20	60894.35	225736.9748	
ECA2365	plugging	2		28.6523	71.3514	0	0	0	9	9142.444444	45.28701337	
ECA2367	plugging	2		19.3357	31.312	0	0	0	0	0	0	exp_validated
ECA2375	plugging	3	III:2080726(1)	30.6723	104.788	0	0	0	5	9123.4	33.27822111	
ECA2377	ambiguous	4	"III:6291539(1),III:12146763(1)"	30.4287	109.3828	0	0	0	2	9087	32	
ECA2401	ambiguous	4	III:13160692(1)	24.0011	105.617	0	0	0	4	9114	44.6486282	
ECA2403	ambiguous	4	III:9374199(1)	26.4822	110.978	0	0	0	2	9140	41	
ECA2405	ambiguous	4	III:8361055(3)	25.0351	90.883	0	0	0	6	955439.8333	1338373.65	
ECA2413	ambiguous	5	III:2675451(1)	33.23	157.6926	0	0	0	18	280113	1117227.503	
ECA2415	plugging	5	"III:1040804(1),III:8216587(1),III:11380187(1)"	28.9365	150.878	0	0	0	15	9094.733333	37.02515661	
ECA2417	plugging	5	"III:1123710(1),III:1315244(1),III:3487069(1),III:5812028(1),III:10225527(1)"	51.9742	255.2944	0	0	0	16	9103.3125	30.9671575	
ECA2419	plugging	5	"III:4557958(3),III:5989963(1),III:6844540(2),III:9521574(1)"	37.8243	187.4136	0	0	0	8	9128.375	16.10075697	
ECA2421	plugging	5	III:6248654(1)	29.016	142.7458	0	0	0	21	9128.142857	30.62412015	
ECA2423	ambiguous	5	III:1908547(1)	34.6432	182.2022	0	0	2	5	1460452.4	1777506.199	
ECA2429	plugging	2	III:2933106(1)	28.608	64.2232	0	0	0	5	9107.2	24.30966886	
ECA2431	ambiguous	2	"III:5492892(1),III:7962049(1),III:11701944(1),III:11873627(1)"	73.3918	166.046	0	0	2	15	203132.9333	725852.9552	
ECA2433	ambiguous	2		21.8281	50.9968	0	0	0	3	9067.666667	18.83849487	
ECA2435	ambiguous	2		74.5646	149.584	0	0	1	11	129311.6364	254973.9536	
ECA2437	plugging	6	III:12034764(1)	38.6736	219.808	0	0	0	11	9113	36.28673687	
ECA2439	ambiguous	2		16.0386	35.0158	0	0	0	5	1486019.2	2953900.4	
ECA243	nonplugging	1		72.9623	70.5266	56	0	0	2	9269	0	
ECA2443	plugging	5	"III:521984(2),III:1236043(2),III:8806553(1),III:9913401(3)"	37.9772	181.6646	0	0	0	11	9146.909091	50.24386809	
ECA2445	plugging	5	III:13160953(1)	23.6093	114.1628	0	0	0	7	9082.571429	25.64514514	
ECA2452	plugging	4	"III:1775108(1),III:2288040(1)"	22.1903	97.8544	0	0	0	4	9082.75	2.165063509	exp_validated
ECA245	plugging	1		53.0896	76.1366	0	0	0	29	9117.206897	39.84658451	
ECA2467	plugging	3		32.9127	105.6372	0	0	0	12	9099.083333	37.57760488	
ECA246	plugging	1		62.7537	93.0484	0	0	0	46	9134.956522	56.0891978	
ECA2473	ambiguous	5	III:2541705(2)	57.3276	259.1254	0	0	1	15	557480.9333	2051828.18	
ECA2475	ambiguous	4		69.2064	283.082	0	0	2	14	401465.7143	1414594.579	
ECA2477	plugging	4	III:2164656(1)	36.8422	154.2244	0	0	1	16	9163.8125	41.46115464	
ECA2479	plugging	4	III:4320386(1)	46.479	188.3088	0	0	1	25	9098.4	35.75695736	
ECA2481	plugging	2	III:9327529(1)	62.0074	135.019	0	0	2	21	9118.666667	37.93645481	
ECA2482	plugging	6	"III:2216123(3),III:7544069(1),III:11239821(3)"	23.9609	141.8528	0	0	0	21	9137.952381	55.07006463	
ECA2485	plugging	4	"III:1759118(2),III:5889158(1)"	39.9342	158.5384	0	0	1	8	9086.5	25.39192785	
ECA2487	plugging	4	III:3246513(1)	36.0119	149.6864	0	0	0	8	9100.75	34.3902239	
ECA2489	ambiguous	7	"III:753065(1),III:1123690(1),III:3832815(1),III:4965694(1),III:6437013(2),III:7111293(3),III:7185227(1),III:10036674(1),III:13160692(1)"	85.4279	621.2344	0	0	2	24	153047.75	690080.5917	
ECA248	plugging	2		38.2098	62.4336	0	0	0	26	9150.538462	62.17792755	
ECA249	plugging	1		70.6476	101.1108	0	0	1	41	9214.609756	105.0254041	
ECA250	plugging	2		45.8544	69.6772	0	0	0	23	9131.869565	50.93500065	
ECA251	plugging	3		96.2542	261.767	0	0	2	83	9203.46988	76.74010864	
ECA2521	plugging	3	"III:11090315(1),III:13554331(4)"	20.9277	56.6998	0	0	1	5	9133.8	24.70141696	
ECA2522	plugging	4	III:13554281(5)	23.1279	82.3506	0	0	1	6	9135.666667	42.35826038	
ECA2523	plugging	4	III:3370472(2)	22.5836	93.1932	0	0	1	11	9140.181818	46.07467887	
ECA2524	ambiguous	4		16.8572	73.4136	0	0	0	2	9085	0	
ECA2525	plugging	2	"III:8839787(1),III:13554388(4)"	21.3276	50.309	0	0	0	10	9134.9	44.61266636	
ECA2526	plugging	3		25.7646	77.9812	0	0	0	9	9101.666667	20.67741656	
ECA2527	ambiguous	5	"III:2241212(1),III:4677124(1),III:13554334(3),III:13753824(1)"	25.1209	132.2746	0	0	0	4	9057	5.656854249	
ECA2528	ambiguous	5	III:13554315(2)	21.6211	115.5998	0	0	0	3	9107.666667	27.34146221	
ECA2529	plugging	3	III:13554319(2)	30.9002	103.3644	0	0	1	10	9080.3	24.84371148	
ECA2532	ambiguous	2	III:13554335(1)	25.2896	55.4158	0	0	0	9	674650.2222	1882329.487	
ECA2533	plugging	2	"III:11175585(4),III:13554309(8)"	38.7484	95.614	0	0	0	9	9172.444444	44.60471104	
ECA2534	plugging	2	III:13554302(3)	23.664	58.9184	0	0	0	7	9107.714286	23.93272885	
ECA2535	plugging	3		32.5658	94.8284	0	0	0	6	9083.666667	6.599663291	
ECA2536	plugging	3		35.2598	100.0142	0	0	0	14	9119.857143	25.11361936	
ECA2537	ambiguous	3	"III:9476932(1),III:13554349(3)"	27.4808	71.3796	0	0	0	3	9140	52.32590181	
ECA253	nonplugging	1		47.0843	51.5408	70	0	0	0	0	0	
ECA2546	ambiguous	2		28.4671	47.7928	0	0	0	3	9087.666667	13.6707311	
ECA2547	ambiguous	2	III:6079155(1)	21.5392	33.5568	0	0	0	2	9083.5	4.5	
ECA2548	plugging	4	"III:1352671(10),III:9504821(1),III:9680068(3)"	19.7365	81.353	0	0	0	17	9113.764706	27.19327212	
ECA2549	nonplugging	3	III:11796237(1)	39.7775	102.2334	48	0	1	0	0	0	
ECA2550	plugging	4	"III:1352621(4),III:9504800(4)"	24.9017	88.5326	0	0	0	9	9112.222222	26.68240276	
ECA2551	ambiguous	5	"III:1352682(4),III:9504190(6),III:10225290(1),III:11119861(1)"	27.2764	124.0128	0	0	0	4	9081	30.08321791	
ECA2552	ambiguous	4	"III:1352653(8),III:9504760(1)"	27.8033	98.3284	0	0	1	3	9098.666667	8.013876853	
ECA2553	plugging	4	III:9504767(1)	21.3808	79.9938	0	0	0	5	9130	19.25616784	
ECA2554	nonplugging	2	"III:3577587(1),III:5662517(1)"	18.8952	42.68	16	0	0	0	0	0	
ECA2555	ambiguous	2	III:11798084(1)	21.9529	42.4616	0	0	0	7	1273231.857	1998688.596	
ECA2556	plugging	3		26.8781	68.0552	0	0	2	7	9087.285714	36.79174708	
ECA2557	ambiguous	3		21.9405	70.625	0	0	0	2	9071	0	
ECA2558	plugging	2		15.9454	26.7748	0	0	0	5	9099.8	17.54308981	
ECA2559	plugging	3		27.9412	85.2874	0	0	1	13	9106.615385	25.03701402	
ECA2560	nonplugging	1		27.6244	28.0946	17	0	0	0	0	0	
ECA2561	ambiguous	1	III:4846896(1)	27.6393	35.4566	0	0	0	3	9145.333333	32.06590436	
ECA2562	nonplugging	1		29.8182	28.8098	28	0	0	0	0	0	
ECA2563	nonplugging	1		25.4954	25.2096	32	0	0	0	0	0	
ECA2564	nonplugging	1		32.0429	36.1714	39	0	0	0	0	0	
ECA2565	nonplugging	1	III:1908547(1)	30.7804	31.6562	38	0	0	1	3937774	0	
ECA2566	nonplugging	1		27.7989	27.2008	45	0	0	0	0	0	
ECA2567	nonplugging	1		22.89	20.7896	16	0	0	0	0	0	
ECA2568	nonplugging	2		19.1906	36.7148	17	0	0	0	0	0	
ECA2569	nonplugging	2		18.6073	38.3408	27	0	0	0	0	0	
ECA2570	plugging	2		18.6701	28.1406	0	0	0	7	9125.714286	19.0990971	
ECA2571	plugging	2		21.2548	35.8588	0	0	0	12	9110.75	41.02057411	
ECA2572	plugging	2		22.9713	39.0228	0	0	0	5	9109	28.92749557	
ECA2573	ambiguous	1	III:1517169(1)	25.4253	29.48	0	0	0	1	954442	0	
ECA2574	nonplugging	2		23.0607	47.8728	21	0	0	1	3261458	0	
ECA2575	nonplugging	2	III:6167161(1)	16.8197	33.2034	20	0	0	0	0	0	
ECA2576	plugging	5	III:1352675(2)	26.8821	134.9488	0	0	0	6	9080.833333	14.63348519	
ECA2577	nonplugging	2	III:8635536(1)	29.2417	57.8018	40	0	0	0	0	0	
ECA2578	nonplugging	2	"III:164137(1),III:8902537(1)"	23.295	54.0242	39	0	0	0	0	0	
ECA2579	ambiguous	1		22.118	30.8532	0	0	0	4	9133.25	49.85666956	
ECA2580	plugging	1		53.4786	62.4054	0	0	0	9	9132.777778	40.35062378	
ECA2581	plugging	1		31.621	44.6318	0	0	0	13	9112.769231	43.80578438	
ECA2582	plugging	2		21.0362	35.6348	0	0	0	7	9116.714286	40.50296034	
ECA2583	plugging	2	III:7314973(1)	51.3876	88.7144	0	0	0	11	9110.090909	41.41904381	
ECA2584	plugging	1		26.842	17.1996	0	0	0	5	9101	38.8381256	
ECA2585	plugging	4	"III:1352698(3),III:8195681(1),III:9504821(3)"	33.5941	143.5646	0	0	0	6	9134.333333	48.83532419	
ECA2586	plugging	0		27.4867	11.3878	0	0	0	8	9072.125	15.34142676	
ECA2589	ambiguous	0		21.0062	10.095	0	0	0	7	778973.2857	1885759.159	
ECA2590	plugging	4		30.651	135.3686	0	0	0	5	9069.6	6.560487787	
ECA2591	ambiguous	1		21.0746	16.3328	0	0	0	4	9118.5	2.5	
ECA2592	plugging	0		25.1917	12.5164	0	0	0	9	9128.777778	41.13602848	
ECA2593	ambiguous	4	III:30318(1)	18.253	67.0564	0	0	0	3	9089.333333	0.471404521	
ECA2594	ambiguous	1		30.0982	15.3666	0	0	0	4	9081	47.8905001	
ECA2595	plugging	4		22.0395	82.3734	0	0	0	7	9108.285714	38.58835607	
ECA2596	plugging	1		21.7984	13.9856	0	0	0	9	9115.555556	27.96867737	
ECA2597	plugging	1		13.4388	11.0262	0	0	0	6	9093.833333	18.84512905	
ECA2598	nonplugging	2		21.7955	48.1366	25	0	0	0	0	0	
ECA2599	plugging	5		25.9642	119.4776	0	0	0	14	9109.928571	33.76486823	
ECA259	plugging	2		49.9219	95.4286	0	0	0	30	9114.466667	39.05016716	
ECA2600	plugging	4		19.1142	74.726	0	0	0	14	9152.642857	49.2538717	
ECA2601	ambiguous	4		62.7716	247.8986	0	0	1	29	184968.6207	734178.0332	
ECA2602	nonplugging	2		26.0471	50.4928	17	0	0	0	0	0	
ECA2603	nonplugging	2		30.4194	63.1406	22	0	0	0	0	0	
ECA2605	ambiguous	4	III:8040246(1)	31.1827	117.2352	0	0	0	11	641853.9091	1391868.716	
ECA2606	ambiguous	1		39.1675	24.5574	0	0	0	14	367905.0714	1293737.233	
ECA2607	nonplugging	1		34.5401	44.1126	46	0	0	0	0	0	
ECA2608	ambiguous	6	"III:1352669(6),III:5183315(1),III:9504748(2),III:10220625(1),III:10729906(1),III:12003639(1)"	32.7455	192.5446	0	0	1	4	9086.5	8.5	
ECA2609	plugging	2		34.7745	56.2454	0	0	0	6	9117.5	35.38714456	
ECA2610	plugging	1		32.6212	47.5656	0	0	0	9	9140.666667	31.19116684	
ECA2611	plugging	4	III:4114007(5)	30.3708	125.4158	0	0	0	17	9105.588235	38.32839344	
ECA2612	nonplugging	5	"III:1530403(1),III:4114060(8),III:9348567(1)"	33.7066	175.7818	32	0	1	0	0	0	
ECA2615	nonplugging	1		26.0504	25.6926	31	0	0	0	0	0	
ECA2641	nonplugging	1		46.8819	56.3072	43	0	0	0	0	0	
ECA2642	nonplugging	1		34.7656	43.6646	47	0	0	0	0	0	
ECA2643	plugging	5	"III:1352722(2),III:7524964(1),III:9504821(2)"	26.5257	121.452	0	0	0	12	9096	33.49626845	
ECA2644	nonplugging	1		19.8297	28.2152	21	0	0	0	0	0	
ECA2648	ambiguous	1		35.5258	21.0612	0	0	0	17	178637.0588	678107.2359	
ECA2649	plugging	5	"III:5198736(1),III:9504821(2)"	24.2239	112.5294	0	0	0	10	9119.3	34.11172819	
ECA2650	nonplugging	3		17.8328	51.057	19	0	0	0	0	0	
ECA2651	ambiguous	2	"III:4089780(1),III:9752830(1)"	21.4333	40.108	0	0	0	9	10830.22222	3240.036378	
ECA2652	ambiguous	0		26.4278	10.389	0	0	0	6	664870.6667	1466382.224	
ECA2653	ambiguous	4		17.5532	74.825	0	0	0	0	0	0	
ECA2654	nonplugging	2	III:8847186(1)	28.4104	58.338	32	0	0	1	7167755	0	
ECA2656	ambiguous	2		28.5946	52.5862	0	0	0	6	804264	1778034.496	
ECA2657	plugging	7	"III:1352625(2),III:9504766(3)"	23.0526	159.615	0	0	0	10	9088.2	22.67509647	
ECA2658	nonplugging	6	"III:4114080(3),III:11288723(1)"	25.216	143.418	30	0	0	1	8718110	0	
ECA2659	plugging	4	"III:3654985(1),III:4113943(6)"	33.4517	120.1942	0	0	0	6	9116.833333	61.974233	
ECA2660	ambiguous	3	III:4113921(6)	26.9159	81.6868	0	0	0	1	9052	0	
ECA2672	plugging	4	"III:1352652(5),III:9504400(5)"	32.9301	123.2848	0	0	0	12	9132.333333	18.08006883	
ECA2673	ambiguous	4	"III:1352660(4),III:9504748(1)"	15.7298	55.433	0	0	0	1	9077	0	
ECA2674	ambiguous	4	"III:1352738(2),III:9503427(3)"	25.6268	101.831	0	0	0	9	9927.777778	1532.093976	
ECA2675	plugging	2		17.9518	30.7316	0	0	0	6	9135	21.60246899	
ECA2676	plugging	4	III:1352714(6)	28.1379	121.7798	0	0	1	13	9096.692308	29.40273304	
ECA2803	plugging	3	III:4526250(1)	27.2869	92.3708	0	0	0	7	9111.857143	35.67083071	
ECA2861	plugging	5	III:8892515(1)	30.9886	164.7388	0	0	1	13	9097.153846	16.29934474	
ECA2862	ambiguous	5	"III:4714037(1),III:13160692(1)"	21.9428	118.571	0	0	0	9	390461.6667	1078573.072	
ECA2866	ambiguous	4	III:6616261(1)	16.0032	63.6282	0	0	1	2	684986.5	675909.5	
ECA2868	ambiguous	4	III:5324628(1)	25.9601	94.6756	0	0	0	3	9068	6.480740698	
ECA2870	ambiguous	4		18.3358	72.8508	0	0	0	3	9097	0	
ECA2871	plugging	6	"III:4436199(1),III:8229080(2)"	21.6384	131.4088	0	0	0	12	9094	24.82941804	
ECA2872	ambiguous	5	"III:821927(2),III:2460104(2)"	25.8964	118.7292	0	0	0	0	0	0	
ECA2873	plugging	4	III:6431220(1)	21.1653	92.6988	0	0	0	5	9123.2	27.43282705	
ECA2874	ambiguous	5		22.7601	104.2562	0	0	2	1	9094	0	
ECA2881	ambiguous	1		21.8421	12.6488	0	0	0	7	705923.7143	1706728.635	
ECA2882	ambiguous	0		25.7781	8.366	0	0	0	4	280497.5	470037.8872	
ECA2884	ambiguous	3		25.2164	87.5392	0	0	0	4	9112	0	
ECA2885	plugging	4		28.0076	119.8876	0	0	0	6	9123	21.92411154	
ECA2886	plugging	4	III:12143633(1)	19.1418	79.7334	0	0	0	5	9121.6	29.5404807	
ECA2887	plugging	4	III:6705343(1)	16.3092	64.9978	0	0	0	5	9058.8	11.70299107	
ECA2888	plugging	4		15.4503	62.0144	0	0	0	3	9069	0	exp_validated
ECA2895	ambiguous	8	III:3127928(2)	22.7725	184.261	0	0	0	4	9145	30	
ECA2896	plugging	4		23.9737	89.8112	0	0	0	8	9129.625	24.85929152	
ECA2897	ambiguous	0		24.2236	10.6436	0	0	0	3	1419494.667	1994662.906	
ECA2901	ambiguous	6	III:6122030(1)	20.2473	131.4678	0	0	4	4	9097.75	23.27418097	
ECA2902	ambiguous	7		21.2711	142.013	0	0	1	0	0	0	
ECA2903	plugging	6	III:7275443(1)	24.3506	148.4406	0	0	0	5	9091.6	42.15969639	
ECA2904	plugging	6	"III:652066(1),III:1623453(1),III:2909888(1)"	28.3535	184.2662	0	0	0	11	9092.818182	31.04488885	
ECA2905	ambiguous	7	"III:1751454(1),III:13169657(3)"	28.6482	188.9862	0	0	2	4	9131.75	51.89111196	
ECA2906	ambiguous	7		18.1773	118.7638	0	0	1	2	9186	0	
ECA2908	ambiguous	6		19.2389	111.6866	0	0	0	2	9090	0	
ECA2913	plugging	5		29.0254	155.2216	0	0	1	6	9096.166667	13.29682502	
ECA2914	plugging	5		25.1904	133.6488	0	0	1	8	9123.75	27.70717416	
ECA2915	plugging	0		22.5502	8.8192	0	0	0	6	9122.166667	34.85406082	
ECA2916	plugging	4		34.5091	127.7822	0	0	0	7	9089.714286	18.1479183	
ECA2917	ambiguous	5		26.8912	125.4938	0	0	0	6	1336621.833	2968414.303	
ECA2918	plugging	4		24.6432	100.3986	0	0	0	6	9091.5	43.36569305	
ECA2919	plugging	5	"III:3976717(1),III:8706480(1)"	29.6598	152.3928	0	0	0	7	9114.857143	21.82677629	
ECA2928	plugging	2	III:13160743(3)	22.3656	39.5252	0	0	0	9	9101	25.18376902	
ECA2929	ambiguous	1		15.5394	8.922	0	0	0	1	9080	0	
ECA2930	ambiguous	1		17.8603	11.608	0	0	0	3	9069	2.828427125	
ECA2931	ambiguous	1		15.3086	15.155	0	0	0	0	0	0	
ECA2932	ambiguous	0		14.4928	7.04	0	0	0	0	0	0	
ECA2933	ambiguous	0	III:13160920(1)	14.8633	3.552	0	0	0	0	0	0	
ECA2934	ambiguous	0	III:13160928(1)	14.5036	4.4138	0	0	0	0	0	0	
ECA2935	ambiguous	0	III:13160946(1)	14.2026	6.1552	0	0	0	1	9079	0	
ECA2938	ambiguous	1	III:13160930(1)	16.4833	9.449	0	0	0	1	9062	0	
ECA2940	ambiguous	0	III:13160857(3)	15.7259	6.9996	0	0	0	2	4093886.5	4084758.5	
ECA2941	ambiguous	1	III:13160932(5)	14.92	10.012	0	0	0	2	9092	0	
ECA2942	ambiguous	1		18.5748	17.2722	0	0	0	2	9070	11	
ECA2943	ambiguous	5	"III:4462154(1),III:6999573(1),III:7155393(2),III:11010799(1)"	15.5665	84.3592	0	0	0	1	9087	0	
ECA2944	ambiguous	2		19.4548	32.857	0	0	0	0	0	0	
ECA2945	ambiguous	2	"III:861980(1),III:13160778(4)"	62.5115	102.8096	0	0	1	13	960523.4615	1984661.114	
ECA2946	ambiguous	1		15.6555	9.0432	0	0	1	2	9077	0	
ECA2947	ambiguous	5	"III:6301274(1),III:7155393(3),III:11010799(1)"	21.2889	110.9598	0	0	0	0	0	0	
ECA2948	plugging	2		19.8609	37.8156	0	0	1	2	552531.5	543463.5	exp_validated
ECA2949	plugging	4	"III:5641817(1),III:6212535(1),III:7155407(7),III:7785786(1),III:11010211(4),III:13160643(1)"	69.3028	296.4778	0	0	2	10	1250399.9	2601937.051	exp_validated
ECA2950	ambiguous	1	"III:7155289(1),III:7963996(1)"	16.4345	19.7154	0	0	0	2	9071.5	5.5	
ECA2951	plugging	1		28.734	27.0532	0	0	0	7	9112.571429	12.8492039	
ECA2952	plugging	1	III:13160643(2)	16.6189	9.4554	0	0	0	2	9064.5	12.5	exp_validated
ECA2956	ambiguous	1	III:13160931(6)	71.0187	75.8546	0	0	1	9	301286.6667	546681.4532	
ECA2957	plugging	1		17.4704	19.0344	0	0	0	5	9082.6	5.12249939	
ECA2958	ambiguous	1	III:13160927(2)	15.629	14.9108	0	0	0	1	9062	0	
ECA2960	ambiguous	0		11.9426	3.3612	0	0	0	0	0	0	
ECA2962	ambiguous	1		13.99	18.3064	0	0	0	4	9075	17	
ECA2963	plugging	1	III:13160937(5)	65.2389	34.2804	0	0	2	5	9076.6	35.46604009	
ECA2964	ambiguous	5	"III:2801707(3),III:9679645(1),III:10176351(1),III:11010768(9)"	63.3885	344.76	0	0	0	11	676751.5455	2111403.29	
ECA2965	ambiguous	1		22.1631	24.0696	0	0	0	2	4872551	761567	
ECA2966	ambiguous	1		18.0495	16.1162	0	0	0	2	9065	24	
ECA2967	plugging	1	III:13160923(2)	48.5727	55.8378	0	0	1	7	9072.714286	23.21769206	
ECA2968	plugging	4	"III:6750857(1),III:9323504(1),III:9444177(1),III:12158721(1),III:12251824(1),III:12267274(1),III:13152076(3)"	69.0407	303.4938	0	0	0	8	725300.375	1894929.657	exp_validated
ECA2969	plugging	2	III:12146759(1)	48.2367	106.2546	0	0	1	14	9094.928571	41.09129954	
ECA2970	ambiguous	1	III:13160756(5)	67.6932	68.1626	0	0	0	4	9112.5	36.5	
ECA2971	ambiguous	0	III:13160944(1)	11.2016	3.878	0	0	0	1	4717937	0	
ECA2972	ambiguous	1	III:13160643(1)	17.3411	13.055	0	0	0	4	9068	0	
ECA2973	ambiguous	1	III:13160922(2)	20.7868	17.0206	0	0	0	0	0	0	
ECA2974	ambiguous	2	"III:13160849(4),III:13710450(1)"	51.1993	80.7456	0	0	0	4	158144.25	258209.9488	
ECA2978	ambiguous	1	III:13160781(6)	55.4153	61.8342	0	0	1	10	95322.5	258668.502	
ECA2979	ambiguous	1	III:13160758(5)	53.0028	77.7918	0	0	1	28	1210156.464	2452825.123	
ECA2980	plugging	2	III:13160643(2)	36.8992	56.9948	0	0	0	7	9102.428571	11.86660552	
ECA2981	ambiguous	0	III:13160920(1)	14.569	7.2468	0	0	0	0	0	0	
ECA2982	ambiguous	1	III:13160743(3)	15.9802	9.7496	0	0	1	0	0	0	
ECA2983	plugging	1	III:13160643(1)	73.2759	90.3704	0	0	1	6	9083.666667	28.92327014	
ECA2984	ambiguous	1	III:13160709(9)	33.2198	20.3658	0	0	2	3	1188588.667	1668103.316	
ECA2985	ambiguous	1		12.0524	15.655	0	0	0	2	9067	11	
ECA2986	ambiguous	1		24.0857	29.238	0	0	0	1	9079	0	
ECA2987	ambiguous	0	III:13160920(1)	17.2856	5.5104	0	0	0	1	9094	0	
ECA2988	ambiguous	1	III:13160919(1)	17.2063	12.7418	0	0	0	2	249961	240908	
ECA2989	ambiguous	1	III:5354842(1)	17.6486	22.7938	0	0	0	1	9080	0	
ECA2990	ambiguous	2	"III:8095228(1),III:13160643(13)"	80.2225	120.7416	0	0	0	44	287856.3182	1196634.15	
ECA2991	ambiguous	0	III:13160793(2)	25.2595	10.5246	0	0	0	3	9060	0	
ECA2992	ambiguous	0		11.5893	1.386	0	0	0	0	0	0	
ECA2993	plugging	2	"III:11688259(1),III:13160737(3)"	47.3926	106.1652	0	0	3	19	9100.684211	28.23035438	
ECA2994	ambiguous	2		34.0698	59.7218	0	0	1	1	9103	0	
ECA2995	ambiguous	0		32.7925	16.338	0	0	1	9	152396	268076.1215	
ECA2996	plugging	3	"III:783161(1),III:13154573(3)"	45.8218	152.4396	0	0	1	5	9108	62.35062149	
ECA2997	ambiguous	1	III:13160643(1)	34.303	50.8954	0	0	0	6	641817.1667	1414722.122	
ECA2998	ambiguous	1	III:13160643(6)	40.8474	59.8258	0	0	0	8	825211.625	1636509.955	
ECA2999	ambiguous	1	"III:7647863(1),III:13160643(3)"	35.9517	52.1994	0	0	0	4	2103909.5	3628259.906	
ECA3000	plugging	1		27.6472	35.5364	0	0	0	6	9090.666667	21.74600857	
ECA3001	ambiguous	1	III:13160643(2)	41.9606	62.6114	0	0	1	10	786424	2185926.071	
ECA3002	ambiguous	0		12.6958	4.4056	0	0	0	1	9093	0	
ECA3003	ambiguous	0	III:13160781(4)	34.6139	15.9194	0	0	1	5	839087.8	1659913.6	
ECA3004	ambiguous	2		49.7825	75.4976	0	0	0	15	671106	1687808.41	
ECA3005	plugging	0		14.0344	3.6188	0	0	0	0	0	0	exp_validated
ECA3006	ambiguous	1	"III:1204792(1),III:13160929(6)"	78.987	86.2634	0	0	2	6	2061666.667	3187447.162	
ECA3008	ambiguous	2	"III:10075701(2),III:13160679(8)"	46.401	93.8036	0	0	0	14	286037.5714	998550.3338	
ECA3009	plugging	3	"III:5196688(2),III:5626252(1)"	52.5354	176.4106	0	0	2	16	9104.375	32.87072216	
ECA3011	ambiguous	3	"III:8054391(1),III:8462746(1),III:13748345(1)"	59.0712	151.5896	0	0	0	5	2107725.2	2185486.346	
ECA3012	plugging	2		14.3961	33.2436	0	0	0	2	9080	29	exp_validated
ECA3013	plugging	4		32.4075	118.5146	0	0	0	7	9107.285714	24.23524167	
ECA3021	plugging	4		47.4781	190.8062	0	0	0	11	9107.545455	34.80951708	
ECA3024	ambiguous	3		20.0066	60.8138	0	0	0	0	0	0	
ECA3025	plugging	2		19.4951	33.9572	0	0	0	0	0	0	exp_validated
ECA3027	plugging	3	III:8771114(1)	49.5836	130.106	0	0	0	11	9092.181818	38.42068141	
ECA3032	plugging	1		21.8709	14.0592	0	0	0	5	9080.6	9.2	
ECA3033	ambiguous	0		19.9251	7.9962	0	0	0	2	9113	0	
ECA3034	ambiguous	0		30.422	8.4594	0	0	0	0	0	0	
ECA3035	plugging	0		13.3809	2.4696	0	0	0	0	0	0	exp_validated
ECA3037	ambiguous	3		71.1916	225.5746	0	0	1	11	452495.5455	1402181.57	
ECA3038	plugging	4	III:13500353(1)	19.9509	71.9254	0	0	0	3	9068.666667	3.299831646	exp_validated
ECA3039	plugging	3	"III:3110159(1),III:12554547(1)"	62.6258	192.5848	0	0	0	11	9118	39.46229501	
ECA3040	ambiguous	3	III:13554411(1)	23.772	78.9966	0	0	0	0	0	0	
ECA3041	ambiguous	4		16.2237	68.3294	0	0	0	1	9076	0	
ECA3042	plugging	5		15.8973	75.4976	0	0	0	7	9076.285714	13.53001199	
ECA3043	ambiguous	3	III:13783608(1)	17.2136	55.5106	0	0	0	1	9060	0	
ECA3044	plugging	1		48.1372	29.8502	0	0	0	7	9112.571429	36.32337753	
ECA3045	ambiguous	4		55.3345	204.4672	0	0	1	4	9101.25	46.14311975	
ECA3046	plugging	4	"III:3751806(1),III:13160692(1)"	53.6328	231.5872	0	0	0	14	9104.142857	36.60573168	
ECA3047	ambiguous	5		20.4905	99.78	0	0	0	1	9052	0	
ECA3048	plugging	4	III:13554342(9)	48.4514	169.9916	0	0	0	10	9121.1	24.98179337	
ECA3049	ambiguous	4	"III:3648579(1),III:9407585(1),III:13554411(1)"	89.181	319.619	0	0	2	12	375317.5	1214709.759	
ECA3050	ambiguous	4	"III:753729(1),III:1214057(1),III:1908547(2),III:3877470(1),III:12559735(1)"	106.439	469.2934	0	0	2	62	35976.17742	209339.0041	
ECA3051	ambiguous	4	"III:2497207(1),III:5076143(1),III:10046607(2)"	52.7782	207.0166	0	0	0	2	9154	32	
ECA3052	plugging	4	"III:7979706(1),III:9259561(1)"	123.7149	447.6538	0	0	3	62	9172.532258	47.37214294	
ECA3057	ambiguous	2	III:2112913(1)	23.2717	54.2852	0	0	0	1	9041	0	
ECA3058	ambiguous	4	"III:11061913(1),III:13554345(7)"	59.0241	224.2072	0	0	0	8	640173.125	1093032.529	
ECA3060	plugging	4	"III:1538138(1),III:4697314(1),III:13160692(1)"	41.9866	163.785	0	0	1	10	9096.4	32.63495059	
ECA3062	ambiguous	3		20.4428	54.3914	0	0	0	4	9097.5	18.5	
ECA3063	plugging	4	III:9505308(1)	41.3067	146.5106	0	0	3	6	9134	68.96617528	
ECA3067	plugging	4	III:6366746(1)	32.1916	114.0476	0	0	0	8	9146	46.05431576	
ECA3068	plugging	3		41.6457	134.958	0	0	0	12	9100.5	4.716990566	
ECA3069	ambiguous	3		31.0936	90.7802	0	0	1	4	9120.5	31.5	
ECA3070	plugging	3		42.8982	136.7146	0	0	0	5	9108	36.74234614	
ECA3072	plugging	3	"III:3587268(1),III:7141605(2)"	43.8169	132.3114	0	0	0	6	9085	14.76482306	
ECA3073	ambiguous	3	III:1252589(1)	64.6192	181.0532	0	0	1	3	9060	19.30457631	
ECA3074	plugging	3		51.4914	159.3294	0	0	1	5	9110.8	16.4	
ECA3075	ambiguous	4	"III:755393(1),III:3077482(1),III:6960159(2),III:7736991(1)"	60.4393	236.8068	0	0	3	17	211274.4118	554163.9958	
ECA3076	plugging	3	III:4145958(1)	39.9567	134.5342	0	0	1	7	9094.571429	17.13690373	
ECA3077	plugging	3	"III:3877472(1),III:5175166(1),III:13554411(7)"	82.2731	246.6818	0	0	3	5	9044.2	33.25296979	
ECA3078	plugging	5	"III:3599152(1),III:4876607(1),III:8639778(2)"	42.3958	208.1368	0	0	0	7	9108.714286	22.39077799	
ECA3079	plugging	5	III:9303488(1)	48.5052	235.9756	0	0	2	11	9096.181818	17.99403023	
ECA3080	plugging	4	"III:556096(1),III:893484(1),III:9337972(1)"	54.2456	205.3446	0	0	0	9	9105.222222	44.54405504	
ECA3081	plugging	4	III:4551681(1)	54.0801	195.8154	0	0	1	10	9109.5	16.36001222	
ECA3082	ambiguous	5	"III:3583291(1),III:8419723(1),III:13160692(1)"	48.692	237.625	0	0	0	8	149583.875	243368.2225	
ECA3088	plugging	7	"III:888319(2),III:5858817(1),III:6188969(1),III:8123862(1),III:9328358(1),III:9685671(1),III:13160643(8),III:13669105(1)"	81.3269	584.2794	0	0	8	10	481296.9	1416637.367	exp_validated
ECA3108	plugging	4	"III:1944050(1),III:8994397(1),III:12286272(1),III:12342315(1)"	102.2154	406.9246	0	0	0	10	9086.2	32.1147941	
ECA3110	plugging	4	"III:5835526(1),III:9953659(1)"	65.3004	262.7876	0	0	2	6	9085.166667	22.53454139	
ECA3112	plugging	3	III:8333831(1)	119.5228	409.9648	0	0	0	13	9057.923077	31.20025034	
ECA3113	ambiguous	4	"III:4246051(1),III:10436137(1),III:11346268(1),III:11566316(1)"	84.7967	319.994	0	0	2	9	302363.7778	829554.4204	
ECA3114	ambiguous	4	"III:4727900(1),III:6911282(2),III:7238008(1),III:8390152(1),III:11467676(1)"	90.6658	341.2706	0	0	1	3	1208714.333	1696577.328	
ECA3115	ambiguous	4	"III:7511332(1),III:8098893(1),III:12315498(1),III:13160692(2)"	108.0093	425.347	0	0	1	9	174036.1111	466614.424	
ECA3116	ambiguous	4	"III:4771769(1),III:8427154(1),III:9035462(1),III:10882108(1),III:13160800(1),III:13554339(12)"	105.6341	412.782	0	0	0	2	9026.5	33.5	
ECA3117	ambiguous	3	"III:4210237(1),III:10331518(1),III:13554553(7)"	92.7689	286.7878	0	0	3	17	414820.8824	1481744.598	
ECA3118	plugging	4	"III:2864833(1),III:12595819(1),III:13554448(2)"	67.812	249.1316	0	0	2	10	9088.2	21.46066169	
ECA3119	plugging	4	"III:671382(1),III:7961902(2),III:12012250(1),III:13553889(8)"	104.3405	416.5554	0	0	0	15	9085.466667	21.02654407	
ECA3120	plugging	3	"III:6796056(1),III:11894353(1)"	45.5023	159.149	0	0	0	6	9097.666667	12.44543647	
ECA3121	ambiguous	4	"III:3812326(1),III:4418773(1),III:6609563(1),III:8781481(1),III:12489957(1),III:13554084(21)"	120.5761	492.806	0	0	4	57	183573.5088	793932.053	
ECA3122	plugging	4	III:13554337(6)	38.9118	162.4192	0	0	0	11	9112.454545	29.57997983	
ECA3123	ambiguous	4	"III:4208879(1),III:5358444(1)"	48.2865	181.3024	0	0	0	15	60187.6	191121.5644	
ECA3124	ambiguous	4		42.2719	156.0462	0	0	0	0	0	0	
ECA3125	ambiguous	4		37.1341	143.7822	0	0	2	15	320439.4	1165015.433	
ECA3126	ambiguous	4	"III:3769065(1),III:7081424(1),III:8092471(3),III:8572914(1)"	88.1061	355.3998	0	0	1	56	53957.33929	332243.7659	
ECA3127	plugging	4	"III:4545999(1),III:13160692(1)"	38.5735	151.0846	0	0	0	22	9115.181818	19.9513872	
ECA3157	plugging	3	III:13160692(1)	46.8488	121.2172	0	0	0	13	9126.846154	38.05228418	
ECA3199	plugging	4	"III:1478967(2),III:13554383(12)"	45.0793	184.0478	0	0	0	7	9088.571429	35.58032017	
ECA3205	ambiguous	2	"III:2026246(1),III:4464435(1),III:5966042(1),III:13554411(1)"	52.671	127.0438	0	0	0	15	77693.8	256602.3829	
ECA3208	plugging	4		63.5292	241.1832	0	0	2	18	9111.333333	37.2006571	
ECA3212	plugging	1	III:5424594(1)	39.0848	45.5058	0	0	0	5	9097.6	22.10520301	
ECA3222	ambiguous	1		104.5755	153.1738	0	0	0	53	152569.5094	1034088.956	
ECA3230	plugging	4	III:8501881(1)	39.6499	160.8088	0	0	0	11	9109	29.89983278	
ECA3240	plugging	4		34.7583	144.6564	0	0	1	16	9129.6875	43.15049065	
ECA3252	plugging	4	III:13554449(3)	37.9125	147.9132	0	0	0	15	9126.4	23.13957649	
ECA3256	ambiguous	3	III:8636411(1)	52.4786	163.164	0	0	0	9	387341.6667	659805.0486	
ECA347	plugging	1		51.1309	51.6766	0	0	0	58	9268.344828	129.3336439	
ECA348	plugging	4	"III:1908546(1),III:5478364(1),III:6783663(1),III:7815123(1),III:9685650(1),III:13554230(10)"	62.4406	278.5882	0	0	1	38	9262.342105	182.0358953	
ECA3493	ambiguous	2	"III:9101955(1),III:12886607(4),III:13554306(5)"	31.6231	75.3832	0	0	2	3	2951748.333	4161466.714	
ECA3494	ambiguous	7	"III:1295855(1),III:1908546(5),III:3169227(1),III:5013744(1),III:8416483(1),III:8801914(1),III:11456151(1),III:11531854(1)"	80.0361	544.1036	0	0	3	20	253014.4	1062999.089	
ECA3495	ambiguous	7	"III:1908547(2),III:2868697(6),III:2906752(1),III:4602131(1),III:5779739(1),III:7626805(1),III:8604704(2),III:10609492(2)"	73.3408	528.0832	0	0	3	14	222714.1429	770122.4175	
ECA3496	ambiguous	1		58.9852	75.1534	0	0	0	10	1084228	2151220.364	
ECA3497	plugging	1		40.0824	47.1374	0	0	0	8	9097.75	30.09048853	
ECA349	plugging	3		72.4514	210.9814	0	0	3	78	9234.653846	54.91971458	
ECA350	plugging	3	III:7812294(1)	30.1663	94.666	0	0	0	21	9180.571429	65.28514119	
ECA3510	plugging	4	"III:3801304(1),III:3877470(1),III:6181807(1),III:6716286(1),III:9948494(3)"	104.1247	446.346	0	0	0	22	9107.545455	38.44089592	
ECA3511	plugging	4	"III:690458(1),III:8674147(1),III:13160692(1),III:13554125(14)"	83.6877	326.9918	0	0	1	14	9115.714286	43.51917241	
ECA3513	plugging	4	III:13554205(8)	77.6259	330.381	0	0	0	15	9133	41.53392188	
ECA3514	plugging	4		40.5438	164.458	0	0	0	24	9120.791667	34.9487472	
ECA3516	ambiguous	4	III:13554265(9)	82.0455	307.8048	0	0	0	13	104105.6154	329180.6976	
ECA3517	plugging	4	"III:13460703(1),III:13554389(7)"	44.8582	191.7194	0	0	0	11	9071.636364	22.62449488	
ECA3518	plugging	7	"III:826967(3),III:6442096(2),III:8649577(1)"	58.3789	391.6614	0	0	2	20	9116.75	30.83322072	
ECA3519	plugging	4	"III:5710812(2),III:9817132(2),III:10292333(2),III:13554538(6)"	68.8227	261.7126	0	0	1	26	9138.384615	49.39953046	
ECA3523	plugging	5	"III:10942572(1),III:13160692(1)"	55.7163	257.3772	0	0	1	12	9096.25	19.1055184	
ECA3524	plugging	2		62.1199	128.253	0	0	0	8	9084.75	30.72763414	
ECA3525	ambiguous	3	III:1908547(1)	77.3209	231.8812	0	0	0	26	161305.1154	760922.5792	
ECA3526	plugging	2		60.905	110.0554	0	0	1	10	9095.3	35.28186503	
ECA3527	ambiguous	3	III:7619072(1)	64.5606	223.4952	0	0	0	2	9118	0	
ECA3528	ambiguous	4	"III:899302(1),III:1908547(1)"	101.0749	425.722	0	0	2	19	440359.3684	1829684.436	
ECA3529	plugging	3		46.6255	152.868	0	0	0	5	9103.8	9.389355675	
ECA3530	ambiguous	6	"III:1517012(2),III:4360824(1)"	39.1661	233.454	0	0	0	3	9093.333333	12.25651754	
ECA3531	ambiguous	7	"III:1908547(1),III:9931305(1)"	34.0199	226.7182	0	0	3	1	9055	0	
ECA3532	plugging	8	"III:1908547(2),III:2289113(1),III:3947476(1),III:5820035(1)"	81.703	638.5006	0	0	2	13	9088	36.55343823	
ECA3533	plugging	6	"III:6249440(2),III:8242147(1)"	33.2012	204.9222	0	0	0	6	9101.333333	28.42924941	
ECA3534	ambiguous	3	III:8127905(1)	33.8815	92.5362	0	0	0	9	1248829.333	1976762.188	
ECA3535	ambiguous	3		44.4295	143.086	0	0	0	11	253965.0909	774357.3377	
ECA3536	ambiguous	4	"III:7124612(1),III:9438391(1)"	152.008	576.3796	0	0	1	65	131486.8462	733744.2359	
ECA3537	ambiguous	3	"III:2289540(3),III:9604290(1)"	37.496	125.3854	0	0	0	1	9072	0	
ECA3538	plugging	2		39.0843	74.3954	0	0	0	6	9111.333333	0.471404521	
ECA3543	plugging	4	"III:6555264(1),III:12829131(1)"	45.4007	179.8938	0	0	0	5	9063.8	25.31718784	
ECA3546	plugging	4	III:13554326(2)	35.8519	135.6484	0	0	0	6	9127.666667	17.44196727	
ECA3548	ambiguous	4	"III:5428369(2),III:11884492(2)"	50.7957	207.213	0	0	0	8	506189.75	1315200.426	
ECA3549	ambiguous	3	"III:6949507(1),III:10724071(1)"	41.6728	109.3686	0	0	0	2	9071	0	
ECA3550	ambiguous	4	"III:1908547(1),III:3353442(1),III:3877469(1),III:9733782(1)"	135.8108	591.3682	0	0	1	83	107310.8193	640108.054	
ECA3551	ambiguous	4	III:9408894(1)	43.3689	168.029	0	0	0	10	164148.6	465213.8006	
ECA3556	plugging	4	III:13554373(2)	35.5156	144.6284	0	0	0	12	9116	16.88194302	
ECA3558	plugging	6	"III:7483631(1),III:9290968(1),III:12383320(1),III:13554411(3)"	42.1908	264.1864	0	0	3	6	9060.666667	10.53037933	
ECA3560	ambiguous	4	III:8092106(2)	37.1084	137.4038	0	0	2	4	9085.75	27.30727925	
ECA3561	ambiguous	4	"III:4541438(1),III:8041668(1),III:13554411(6)"	41.822	148.6014	0	0	1	8	47227.75	100755.2273	
ECA3562	ambiguous	4	"III:13554364(3),III:13720162(1),III:13769798(2)"	36.2823	136.6908	0	0	0	1	9056	0	
ECA3570	ambiguous	3	III:9456437(1)	37.3524	128.8512	0	0	0	9	1740174.667	1935428.936	
ECA3601	plugging	3	III:6022152(1)	75.9737	222.8064	0	0	0	25	9110.8	32.60797448	
ECA3602	plugging	6	"III:5224365(2),III:10077769(1),III:10523986(1),III:10904228(1)"	46.3093	262.2818	0	0	1	7	9088.428571	18.95752503	
ECA3603	ambiguous	3	"III:1908545(1),III:2128165(1)"	77.5766	210.5312	0	0	1	16	443160.4375	1681136.473	
ECA3604	ambiguous	5	"III:1123942(1),III:5867973(5)"	30.678	164.3692	0	0	0	4	9133	2	
ECA3605	ambiguous	6	"III:1576313(1),III:2978408(2),III:4104796(1),III:7869158(1),III:7929072(1),III:8646870(1),III:8786806(1)"	58.9449	353.5072	0	0	0	28	317373.75	1110152.138	
ECA3606	plugging	4	"III:293857(1),III:1908547(2),III:9738692(1)"	85.4912	365.0496	0	0	5	7	9107.857143	13.8091954	
ECA3607	ambiguous	7	"III:2291459(2),III:11166951(1)"	42.5155	289.9938	0	0	2	3	9160	32.52691193	
ECA3608	plugging	7	"III:605510(1),III:2288309(2),III:6958284(2),III:9057203(1)"	34.7376	253.4946	0	0	1	10	9121.5	22.35285217	
ECA3609	ambiguous	7	"III:1908546(1),III:2288227(2),III:7000895(1),III:7603961(1),III:7710782(4),III:8047068(1),III:8541307(1),III:11007094(4)"	79.4113	581.499	0	0	1	16	965460.125	2000127.584	
ECA3610	plugging	4	III:1252571(2)	56.3802	228.0792	0	0	0	23	9118.956522	32.31432346	
ECA3611	ambiguous	4	"III:4358579(1),III:7286756(2),III:8454474(1),III:10869415(2)"	41.0426	157.0542	0	0	0	3	9072.333333	10.37089946	
ECA3630	plugging	4		31.1309	125.9792	0	0	1	6	9113.166667	16.23182745	
ECA3631	plugging	5	"III:3770500(1),III:8152089(4),III:8401921(1)"	40.0863	184.0384	0	0	0	10	9120.4	28.05423319	
ECA3632	ambiguous	4	"III:3196424(2),III:8048003(1)"	56.7406	221.0658	0	0	1	13	600660.0769	2049130.399	
ECA3634	plugging	2	III:3839046(2)	48.9881	75.4334	0	0	1	15	9094.8	40.69758388	
ECA3635	plugging	4	"III:5228095(1),III:6269673(1),III:13554388(4)"	69.8903	276.1454	0	0	1	29	9124.37931	40.06323776	
ECA3637	plugging	3	III:8416387(2)	45.611	144.9902	0	0	0	11	9121.181818	34.9670447	
ECA3638	plugging	3		68.0496	202.1042	0	0	1	8	9086.75	20.11063152	
ECA363	plugging	3		82.2238	252.9222	0	0	33	105	9277.72381	145.3330163	
ECA3640	ambiguous	3	"III:4525407(1),III:5213269(1),III:8679824(2)"	57.0041	173.8346	0	0	1	13	1097403.385	2552286.589	
ECA3641	plugging	3		40.618	121.8734	0	0	0	7	9091.571429	21.45331904	
ECA3643	plugging	5	"III:3885900(1),III:7276308(1),III:10658862(1)"	58.0538	272.7392	0	0	1	7	9097.714286	34.76333983	
ECA3644	ambiguous	4		48.9022	179.2328	0	0	0	15	191923.0667	684030.8108	
ECA3645	plugging	3	"III:8912675(1),III:9373630(1)"	68.8392	217.4562	0	0	1	18	9089.222222	22.65822283	
ECA3646	ambiguous	4	"III:5588815(1),III:6336930(1)"	52.6615	197.4306	0	0	3	2	9096	31	
ECA3647	plugging	4	"III:107408(1),III:878332(1),III:5868933(4),III:7955852(1),III:9371588(1)"	42.3357	152.051	0	0	1	5	9145.8	49.71277502	
ECA3654	plugging	3	"III:2588171(2),III:4359879(1),III:8053620(1)"	70.5734	185.4778	0	0	2	32	9117.875	50.40569784	
ECA3656	plugging	0		71.33	25.5566	0	0	0	7	9128.428571	44.95984603	
ECA3658	ambiguous	4	"III:387422(1),III:4316785(1),III:5188224(1),III:7894637(1),III:12433549(1)"	52.7182	187.1574	0	0	2	9	510948	1419405.494	
ECA3659	plugging	6	III:9304401(1)	49.3519	316.3474	0	0	0	10	9122.7	32.76293638	
ECA3660	ambiguous	4	"III:490905(1),III:4358324(1),III:8520968(2),III:13554202(5)"	45.2288	159.7954	0	0	0	11	741879	827165.8038	
ECA3663	ambiguous	4	"III:5530242(1),III:13554355(7)"	48.8598	173.6938	0	0	0	2	2710324	0	
ECA3664	ambiguous	4	"III:835225(1),III:13554336(7)"	44.0282	164.7098	0	0	1	4	9127	9	
ECA3665	plugging	4	"III:2720425(1),III:9021906(1),III:10536730(1),III:13554515(5)"	44.626	168.6	0	0	1	7	9110.571429	23.69362267	
ECA3666	plugging	7	"III:1416672(2),III:3683696(1),III:4594969(1),III:7891094(2),III:9495990(1)"	53.0218	355.5914	0	0	1	8	9104.75	45.83053022	
ECA3667	plugging	4	"III:6099676(1),III:11368727(1)"	53.0559	194.8266	0	0	3	10	9078.6	21.87327136	
ECA3668	ambiguous	4	"III:5570408(1),III:5866006(5)"	66.4498	268.104	0	0	1	15	630506.4	1584330.329	
ECA3670	ambiguous	4	III:12439978(1)	49.9785	182.0428	0	0	0	9	600941.6667	1674001.53	
ECA3671	plugging	2		44.1235	85.1844	0	0	0	6	9108.333333	51.55795014	
ECA3672	plugging	3	"III:6346988(3),III:9561368(2)"	54.7807	146.5534	0	0	0	13	9098.769231	18.49388192	
ECA3673	ambiguous	3	III:10556533(1)	64.7476	180.3408	0	0	1	11	705169.7273	2201081.948	
ECA3674	ambiguous	4	"III:502271(1),III:1908547(6),III:5787249(1),III:8656296(1),III:13488427(1)"	77.3039	331.4822	0	0	2	4	3517713.75	2496707.186	
ECA3676	ambiguous	5	"III:752451(2),III:7071339(1),III:7571365(1)"	46.297	234.4514	0	0	0	2	9081	14	
ECA3677	plugging	4	III:8335577(2)	48.683	171.0894	0	0	0	6	9100.666667	27.40235189	
ECA3678	ambiguous	3	"III:679001(1),III:11174641(4)"	64.3232	167.3248	0	0	0	21	545294.1429	1589971.816	
ECA3680	plugging	3	"III:8477733(2),III:11255248(1)"	64.7111	205.2	0	0	0	13	9099.923077	36.49965551	
ECA3682	plugging	4		46.7946	189.0046	0	0	0	12	9132.416667	33.70325982	
ECA3684	ambiguous	4		56.8823	252.4152	0	0	1	13	460027.6154	1562002.212	
ECA3685	plugging	5	"III:686829(1),III:1559410(1),III:2216567(1)"	38.6961	204.3114	0	0	1	15	9115.066667	30.57333624	
ECA3686	ambiguous	4	"III:4911864(1),III:5504295(1),III:10786046(2),III:12105271(1)"	56.1108	246.4342	0	0	3	13	48381.84615	136058.7003	
ECA3687	plugging	3	III:13554381(4)	47.5021	134.5654	0	0	0	7	9095	24.69817807	
ECA3688	plugging	4	III:2863332(1)	36.4622	155.7476	0	0	1	8	9139.75	57.84407921	
ECA3689	plugging	4	"III:4553548(1),III:7010521(1)"	52.4701	225.756	0	0	0	8	9100.25	26.26190206	
ECA3690	ambiguous	2	"III:5328568(1),III:10227019(2)"	49.0133	108.4006	0	0	0	6	639542	1409765.281	
ECA3691	plugging	1		65.3434	44.649	0	0	0	7	9091.857143	32.77816595	
ECA3698	plugging	1		55.2368	34.3916	0	0	0	16	9124.8125	34.70089831	
ECA3699	plugging	0		79.5787	28.9754	0	0	0	6	9100	12.52996409	
ECA369	plugging	1	III:13160667(2)	35.738	25.5032	1	0	0	19	9194.526316	69.03192886	
ECA36	plugging	2	III:13160741(3)	51.8757	114.4348	0	0	2	19	9285	217.3575759	
ECA3700	ambiguous	1		49.1874	26.8052	0	0	0	4	103237.25	163070.7084	
ECA372	plugging	7	"III:8634805(31),III:10227071(16)"	89.302	620.5494	0	0	13	102	9241.901961	52.4693206	
ECA393	ambiguous	12	III:13554276(3)	42.8767	525.397	0	0	8	29	248657.2069	1267188.411	
ECA394	plugging	16	"III:6778451(1),III:13462207(1),III:13554301(8)"	58.0729	939.5374	0	0	23	49	9304.755102	174.6632364	
ECA395	plugging	16	III:13554237(4)	29.1091	471.9748	0	0	12	11	9149.090909	50.61522327	
ECA396	plugging	3		46.9517	130.1558	0	0	0	32	9176.71875	47.92848473	
ECA397	plugging	3		43.135	110.1544	0	0	0	37	9240.351351	277.7999685	
ECA398	plugging	2		33.1024	82.3216	0	0	2	30	9240.166667	279.0600991	
ECA399	plugging	2		46.0619	111.864	0	0	2	32	9162.59375	48.51987954	
ECA551	nonplugging	3	III:10225326(5)	58.7344	176.2284	73	0	2	0	0	0	
ECA552	plugging	2		113.4508	204.8638	0	0	4	107	9226.299065	86.96655442	
ECA571	ambiguous	1		129.5338	108.8734	5	0	0	154	31164.02597	193877.0797	
ECA572	plugging	1		97.6553	63.5592	1	0	0	74	9238.716216	133.7609324	
ECA589	nonplugging	2	III:9901208(20)	104.2108	227.3782	81	0	13	0	0	0	
ECA592	plugging	3	III:49518(1)	98.3898	260.326	1	0	5	103	9229.524272	90.44419453	
ECA593	plugging	8	"III:2353385(1),III:5439141(1)"	91.134	745.5436	0	0	18	103	9211.407767	87.87263918	
ECA594	plugging	5	III:7669482(1)	96.9136	495.9422	0	0	60	123	9220.520325	145.4239303	
ECA615	plugging	2		34.0977	78.7706	0	0	1	17	9133	35.37529879	
ECA616	plugging	1		85.382	96.3234	0	0	4	88	9256.079545	88.52352302	
ECA640	ambiguous	2	III:13554213(11)	51.3555	114.195	0	0	2	50	176708.54	1171862.645	
ECA694	plugging	4	III:13554337(6)	28.9019	113.225	0	0	2	15	9128.333333	32.37214166	
ECA695	plugging	5	"III:6575984(1),III:13554311(5)"	17.8324	89.3568	0	0	1	24	9117.25	33.20924821	
ECA701	plugging	1		42.474	27.4102	0	0	0	31	9233.612903	85.22633147	
ECA702	ambiguous	0		38.426	18.8712	1	0	0	21	148340	622070.096	
ECA703	plugging	1		35.0161	27.3118	0	0	0	39	9271.102564	139.1068202	
ECA704	plugging	5	III:4258376(1)	36.2837	165.687	0	0	0	40	9277.125	147.0488333	
ECA705	plugging	4	III:13554155(12)	43.8672	190.0074	0	0	3	25	9284.28	93.75948805	
ECA706	plugging	2		42.7087	99.7546	0	0	2	36	9307.083333	137.3443311	
ECA707	plugging	6	III:11428631(1)	36.1631	209.8594	0	0	1	32	9252.375	115.0759939	
ECA708	plugging	6	III:8846226(1)	34.8032	202.9736	0	0	4	29	9242.724138	118.2253536	
ECA709	plugging	5	"III:1908547(1),III:4856632(1)"	45.214	223.3476	0	0	2	29	9283.724138	99.65211784	
ECA710	plugging	7	"III:4209568(1),III:5416317(1),III:13554243(11)"	47.0856	306.3832	0	0	4	42	9256.761905	143.6372431	
ECA711	plugging	3	"III:7869423(1),III:10505943(1),III:11507366(1)"	37.2452	98.2038	0	0	1	14	9205.571429	81.17856357	
ECA712	plugging	3	III:8592713(1)	41.6439	134.1416	0	0	1	60	9323.466667	179.3674503	
ECA713	plugging	3	"III:4657929(1),III:5034621(1)"	32.4524	85.9254	0	0	0	19	9263.736842	94.30401125	
ECA714	ambiguous	3	"III:5355430(1),III:5873445(1)"	38.0519	117.9304	0	0	3	39	22133.25641	79344.12909	
ECA715	plugging	3		42.1548	119.3328	0	0	2	29	9304.793103	151.2869799	
ECA716	plugging	4		43.3974	175.6942	0	0	0	15	9293.333333	101.316446	
ECA717	plugging	5		37.5861	172.0864	0	0	4	29	9242.758621	128.3472271	
ECA718	ambiguous	5	"III:3926704(1),III:7336159(1),III:8230515(1),III:10126340(1)"	37.2237	178.772	0	0	1	32	51859.6875	237187.3843	
ECA719	plugging	4	"III:2826633(2),III:6742504(1),III:6839332(1)"	38.6086	160.2762	0	0	0	25	9299.48	202.7730002	
ECA720	plugging	4		44.3994	176.2894	0	0	6	31	9326.612903	205.6288039	
ECA721	plugging	6	III:11458189(1)	30.8794	175.3646	0	0	2	37	9308.054054	215.1224599	
ECA722	plugging	5	"III:433021(1),III:1908547(1)"	46.0512	231.5188	0	0	9	44	9363.5	527.6825621	
ECA723	plugging	7	III:4946554(1)	46.7024	316.7062	0	0	5	40	9363.675	430.4959574	
ECA724	plugging	3	III:272531(1)	39.9482	103.7912	0	0	2	39	9286.025641	138.9003493	
ECA725	plugging	3		35.3187	90.4924	0	0	0	24	9271.916667	173.6046554	
ECA726	plugging	3		36.1935	110.1862	0	0	0	32	9262.40625	121.8977182	
ECA727	plugging	2	III:13783600(1)	40.2664	99.4468	0	0	0	21	9330.380952	205.1511583	
ECA728	plugging	5	"III:11306775(1),III:13078294(1)"	42.7281	216.7718	0	0	3	38	9439.552632	478.9685572	
ECA729	plugging	6	III:10291728(1)	42.6339	240.716	0	0	2	25	9370.64	479.3402866	
ECA730	plugging	3		35.4943	111.8064	0	0	2	17	9319.882353	162.6768295	
ECA731	plugging	8	"III:2288122(5),III:7883807(1),III:10940865(1),III:12981355(1),III:13341474(1),III:13427915(1)"	38.0098	319.246	0	0	8	42	9297.5	155.9153082	
ECA732	plugging	7	"III:2288136(9),III:8735144(1),III:9015388(1),III:9205614(1),III:9962026(1),III:10600903(1),III:11005583(2)"	38.9153	281.1906	0	0	8	33	9295.363636	155.8376813	
ECA733	plugging	8	"III:2288088(9),III:4711255(1),III:8345210(1),III:11005659(2)"	40.782	335.6586	0	0	8	30	9252.9	107.7745641	
ECA734	plugging	2		42.939	95.4254	0	0	1	32	9252.09375	134.9354844	
ECA735	ambiguous	2	III:1093027(1)	35.7745	78.2326	0	0	2	20	217782.05	801600.5545	
ECA736	plugging	2		36.2466	81.077	0	0	1	37	9288.108108	153.4369813	
ECA737	ambiguous	2	"III:6312316(1),III:9540898(1)"	39.0501	96.9646	0	0	1	42	53959.30952	286429.6766	
ECA738	plugging	2		43.0714	94.7688	0	0	1	23	9243.826087	161.0640305	
ECA739	plugging	4	III:7515247(1)	45.3484	172.3222	0	0	2	34	9297.764706	162.6725435	
ECA740	plugging	1	III:13160695(6)	34.9656	22.254	0	0	0	24	230787.1667	1062186.233	exp_validated
ECA741	plugging	1		38.0517	28.946	0	0	0	40	9332.725	332.0152849	
ECA742	plugging	4		42.1066	159.8644	0	0	5	36	9233.916667	102.0926526	
ECA743	plugging	7	"III:8534831(1),III:9104878(1),III:10314509(1),III:12585871(6)"	40.2595	267.5192	0	0	2	36	9279.222222	97.27569958	
ECA744	plugging	5	III:8645519(1)	36.7404	167.569	0	0	0	27	9320.407407	330.0064263	
ECA745	ambiguous	7		47.8774	353.2416	0	0	4	44	9537.840909	704.3933219	
ECA746	plugging	3		39.5553	119.225	0	0	1	43	191072.2791	1178014.121	exp_validated
ECA747	ambiguous	8		31.8622	244.7484	0	0	4	20	9674.85	793.5532922	
ECA748	plugging	5	"III:4686536(1),III:5885870(1)"	43.963	198.9768	0	0	4	41	9306.02439	134.1487139	
ECA749	plugging	4	"III:7572461(1),III:8036531(1),III:10415228(2)"	39.5005	155.3236	0	0	1	34	9235.588235	120.2859626	
ECA750	plugging	5	III:28828(1)	41.2113	195.9646	0	0	3	28	9271.142857	105.9358682	
ECA751	plugging	5	"III:24280(1),III:6506330(1)"	42.0462	196.2932	0	0	3	39	9299.666667	161.4333765	
ECA752	plugging	4		44.4772	170.2726	0	0	2	30	9297.633333	221.257841	
ECA753	ambiguous	3	III:3065885(1)	40.6861	137.7376	0	0	1	23	58240.47826	229690.2729	
ECA754	plugging	4		41.4437	149.585	0	0	1	27	9371.407407	158.620035	
ECA755	plugging	5		40.988	185.8806	0	0	3	43	9341.418605	154.5986902	
ECA756	plugging	5		35.3789	172.3458	0	0	1	24	9322.333333	151.282205	
ECA757	plugging	6		40.7878	239.9396	0	0	2	49	9242.897959	141.7763754	
ECA758	plugging	4		39.7962	143.9686	0	0	5	29	9343.103448	171.5176365	
ECA759	plugging	4	"III:2500592(1),III:7818091(1)"	41.6262	178.8276	0	0	4	35	9217.485714	86.34858637	
ECA760	ambiguous	4		47.6086	186.861	0	0	0	49	19809.71429	72671.57706	
ECA761	plugging	5	III:12948624(1)	43.4221	195.9638	0	0	3	34	9342.117647	124.2101551	
ECA762	plugging	4		49.0303	212.697	0	0	3	28	9185.107143	101.3506429	
ECA763	plugging	5	III:6570336(1)	42.5559	203.9552	0	0	0	35	9320.085714	157.3161278	
ECA764	ambiguous	5	III:13232192(1)	43.3569	220.4382	0	0	6	51	136533.6275	899649.1897	
ECA765	plugging	6	III:7445507(1)	42.9185	241.5284	0	0	3	36	9285.888889	131.7752248	
ECA766	plugging	5		42.5741	222.7836	0	0	2	28	9304.035714	189.2967214	
ECA767	plugging	5		38.0009	194.5662	1	0	2	19	9235.421053	133.2375464	
ECA768	plugging	6	"III:141221(1),III:4093516(1),III:12798958(1)"	39.5801	230.4486	0	0	4	40	9290.35	172.4107813	
ECA769	plugging	4		46.6839	171.8244	0	0	4	49	9281.061224	165.5529274	
ECA770	plugging	4		40.0598	168.9444	0	0	1	30	9271.466667	114.7773884	
ECA771	plugging	4		42.0183	183.3664	0	0	2	42	9257.5	110.0149882	
ECA772	plugging	5		38.299	193.2746	0	0	3	20	9194.2	77.41227293	
ECA773	plugging	5		37.0979	178.2508	0	0	6	30	9220.866667	142.6951841	
ECA774	plugging	4	III:8572712(1)	41.4747	158.4928	0	0	1	31	9186.129032	80.76958144	
ECA775	plugging	3	"III:1908547(1),III:4336830(1)"	44.2662	152.692	0	0	2	35	9279.171429	133.6777545	
ECA776	plugging	4	III:793416(1)	50.1089	189.804	0	0	1	34	9316.323529	137.986939	
ECA777	ambiguous	4		43.0278	165.9102	0	0	2	42	36405.11905	173801.9202	
ECA778	ambiguous	5	III:3737306(1)	53.0788	289.9592	0	0	4	43	23141.97674	89682.66319	
ECA779	plugging	4	III:4810458(1)	27.3213	110.8054	0	0	2	22	9274.272727	100.4716974	
ECA780	plugging	4	III:7752016(1)	46.9243	173.1336	0	0	2	42	9300.333333	155.8174553	
ECA781	plugging	5		52.3574	285.396	0	0	4	36	9260.638889	163.8242881	
ECA782	plugging	5		44.209	216.9014	0	0	4	44	9255.204545	117.0364317	
ECA783	plugging	4		46.985	192.9876	1	0	4	38	9359.815789	219.397483	
ECA784	ambiguous	4		40.9261	154.5998	0	0	2	49	13019.71429	25905.36472	
ECA785	plugging	4		44.841	161.4868	0	0	2	41	9322.341463	221.1597601	
ECA786	plugging	4	"III:2314958(2),III:2384562(1),III:5128254(1),III:5752542(1),III:12493454(1)"	55.983	239.9426	0	0	2	46	9242.717391	138.9722623	
ECA787	plugging	4	"III:1470316(1),III:6161762(1)"	44.7286	189.9574	0	0	1	28	9221.214286	109.7495061	
ECA807	plugging	4		42.6295	185.2016	0	0	3	32	9224.6875	125.309975	
ECA808	plugging	4		41.6994	150.8232	0	0	2	43	9265.209302	170.478882	
ECA809	plugging	5		47.2257	220.005	0	0	4	30	9280.266667	166.2493977	
ECA810	plugging	5		42.8109	202.3558	0	0	0	32	9290.25	134.7773627	
ECA811	plugging	4		49.3082	215.4002	0	0	5	38	9367.921053	171.7984409	
ECA812	plugging	3		58.8543	201.8916	0	0	2	31	9209.290323	108.4224693	
ECA813	plugging	4	III:13570166(1)	48.8204	179.1992	0	0	3	43	9258.883721	164.9772654	
ECA822	plugging	4	III:13554226(16)	42.5235	166.8486	0	0	2	46	9288.108696	124.0641889	
ECA922	plugging	9		37.2353	322.821	0	0	0	46	9212.347826	66.83243725	
ECA923	plugging	10		41.1232	391.5198	0	0	1	50	9183.76	71.56523178	
ECA924	plugging	8		31.0143	243.6328	0	0	0	15	9204.133333	86.44679803	
ECA925	plugging	9		35.0242	314.427	4	0	0	41	9229.756098	58.05833084	
ECA926	plugging	5		35.312	169.237	0	0	0	33	9193.575758	63.88912285	
ECA927	plugging	9		35.4787	327.984	0	0	0	42	9230.452381	83.80226227	
ECA928	plugging	5		37.4812	183.3886	0	0	0	47	9212.829787	66.73680255	
ECA930	plugging	4		36.7208	154.7402	2	0	0	35	9227.8	73.15142807	
ED3005	plugging	5		68.3811	332.559	0	0	0	36	9108.111111	41.6898454	
ED3011	plugging	3		64.5738	168.9856	0	0	0	56	9118.553571	52.83326862	
ED3012	nonplugging	2		38.9594	71.6766	57	0	0	0	0	0	
ED3017	plugging	3		55.767	170.0126	3	0	1	25	9121.68	44.96551568	
ED3040	plugging	4	"III:2088255(19),III:5752572(15),III:10227033(8)"	64.1753	256.503	0	0	1	23	9118.695652	42.41147792	
ED3046	plugging	2		64.1128	123.1996	0	0	0	49	9120.979592	38.11180641	
ED3048	plugging	0		65.557	29.5432	0	0	0	32	9150.21875	67.65941101	
ED3049	plugging	2		61.6486	108.4446	0	0	0	50	9128.16	43.27556354	
ED3052	plugging	0		68.7834	23.551	0	0	0	24	9120.75	45.70671905	
ED3073	plugging	1		71.3909	41.6424	1	0	0	47	9128.489362	49.19084517	
ED3077	plugging	2		68.8575	110.2518	0	0	0	42	9131.238095	39.38141302	
EG4347	nonplugging	3	"III:3987076(1),III:13554352(1)"	57.8296	196.6748	51	0	0	0	0	0	
EG4349	plugging	4	III:7167951(10)	46.5758	197.7064	0	0	1	20	9128.35	48.34074368	
EG4724	plugging	1	III:11280175(2)	46.5182	68.0648	0	0	0	31	9123.129032	57.60137876	
EG4725	plugging	6	"III:5357500(3),III:5477155(7),III:8729380(9),III:10226824(4)"	51.6833	285.2314	0	0	9	23	9174.391304	86.08173019	
EG4946	nonplugging	2		40.4714	84.999	43	0	0	0	0	0	
GXW1	plugging	0		43.9815	21.6018	0	0	0	23	9089.478261	28.86380246	
HPT48	plugging	1		46.4313	27.779	0	0	0	25	9185.44	52.82278296	
JR4305	plugging	6	"III:1908547(1),III:13554287(2)"	27.2631	152.6642	0	0	1	9	9103.222222	3.456966486	
JT11398	nonplugging	4		80.1947	327.956	105	0	4	4	9127.5	18.5	
JU1088	plugging	1		59.6937	47.44	0	0	0	53	9160.075472	54.77702626	
JU1172	plugging	4		49.0362	173.0392	0	0	0	19	9166.736842	74.15051698	
JU1200	nonplugging	1		51.7438	47.312	51	0	0	0	0	0	
JU1212	nonplugging	2	III:13448474(3)	47.2046	71.7256	31	0	0	0	0	0	
JU1213	plugging	4		39.8333	147.2356	0	0	0	28	9120.035714	30.54561243	
JU1242	plugging	7	"III:3890572(13),III:5752591(12),III:12492075(8)"	61.5473	436.255	0	0	3	31	9108.935484	64.68181949	
JU1246	plugging	5		57.1908	292.854	0	0	0	40	9127.05	67.04660692	
JU1247	plugging	2		43.1593	83.9416	0	0	0	6	9087.166667	22.73335777	
JU1248	nonplugging	1		37.2681	35.1522	76	0	0	0	0	0	
JU1249	nonplugging	1		70.4603	66.5672	124	0	1	2	9199	0	
JU1252	nonplugging	1	III:7313001(1)	29.0279	28.743	23	0	0	0	0	0	
JU1255	nonplugging	1	III:4335131(2)	39.1052	40.6222	11	0	0	1	8412767	0	
JU1256	nonplugging	6	III:13710286(6)	36.4319	201.719	60	0	0	0	0	0	
JU1395	nonplugging	2	III:9901261(5)	29.2661	61.0814	44	0	0	0	0	0	
JU1400	plugging	2	III:5752596(12)	68.2632	157.7956	0	0	0	66	9140.469697	50.76631539	
JU1409	plugging	8	"III:5752593(6),III:10226884(8)"	56.6434	435.116	0	0	0	33	9118.090909	39.6189147	
JU1440	plugging	3		64.0536	194.2348	0	0	4	46	9181.391304	89.04407269	
JU1491	plugging	5	"III:5752583(14),III:10227153(9)"	60.1708	321.1638	0	0	2	47	9136.446809	47.52057047	
JU1511	ambiguous	5		39.6543	182.0018	0	0	1	4	9094.75	47.36230041	
JU1513	plugging	3	III:4750003(1)	29.7122	97.4732	0	0	0	5	9086.8	29.30801938	
JU1516	plugging	3		78.0234	218.628	0	0	0	55	9148.945455	52.03440057	
JU1530	plugging	1		37.7656	33.7476	0	0	0	28	9138.607143	44.36966409	
JU1543	nonplugging	3		41.3044	132.1096	61	0	3	0	0	0	
JU1568	nonplugging	4	III:1327600(1)	73.4917	267.263	77	0	0	0	0	0	
JU1580	plugging	4		101.3223	354.8914	0	0	0	59	9113.694915	36.05046098	
JU1581	plugging	4		42.2164	158.4026	0	0	0	25	9130.6	43.60733883	
JU1586	nonplugging	2	III:10225392(1)	65.0098	147.8604	105	0	0	0	0	0	
JU1652	plugging	1		40.7028	27.9708	0	0	1	29	9139.413793	44.1107675	
JU1656	plugging	4	III:8779694(1)	35.3573	132.062	0	0	4	24	9214.166667	74.55795658	
JU1666	plugging	7		79.5235	575.645	0	0	8	52	9259.730769	107.0682951	
JU1762	plugging	4		61.1481	215.8728	0	0	1	56	9248.625	92.80462629	
JU1770	plugging	3	III:10695593(2)	88.1762	301.7412	0	0	2	54	9250.555556	101.8649554	
JU1792	nonplugging	4	III:10225341(11)	88.9285	375.4022	123	0	5	0	0	0	
JU1793	plugging	3		85.4992	285.412	0	0	2	83	9233.590361	42.61229987	
JU1807	plugging	3		87.3063	235.1368	0	0	6	74	9246.608108	86.84497178	
JU1808	plugging	1		62.4766	84.327	0	0	1	48	9218.729167	69.1841563	
JU1896	nonplugging	1		60.5247	58.977	69	0	0	0	0	0	
JU1920	plugging	4		66.1589	253.5686	2	0	1	51	9232.254902	81.11933672	
JU1922	plugging	3		58.6246	197.0196	0	0	2	58	9269.931034	93.21903425	
JU1924	plugging	4		38.5187	154.4968	0	0	2	18	9208.277778	79.95610293	
JU1925	plugging	5		23.2943	110.5256	0	0	0	14	9128.642857	40.94178296	
JU1926	plugging	4		70.5965	295.196	0	0	4	18	9115.222222	43.46205951	
JU1927	plugging	4		28.6703	104.6958	0	0	0	9	9125.777778	35.94989655	
JU1929	plugging	5		57.6324	265.9584	0	0	7	73	9235.876712	74.18653742	
JU1931	plugging	3		55.2356	181.5244	0	0	2	9	9133.555556	42.76060261	
JU1932	plugging	4		29.6538	112.8764	0	0	0	13	9147.076923	44.96060077	
JU1934	plugging	7		84.7641	602.3814	0	0	8	74	9239	83.2782701	
JU1941	plugging	3	III:6998666(1)	24.2789	69.8558	0	0	2	6	9109.666667	31.98263418	
JU1960	plugging	2		70.5625	171.308	0	0	5	35	9168.485714	47.70167498	
JU2001	plugging	7	"III:636756(1),III:5752554(8),III:10227163(6)"	79.7371	551.8734	0	0	16	50	9145.38	52.66683586	
JU2007	plugging	1		66.8625	60.3304	0	0	0	48	9134.895833	52.8000314	
JU2016	plugging	3		66.8616	178.892	0	0	3	52	9248	70.70251872	
JU2017	plugging	3		63.7166	210.9934	0	0	3	62	9266.5	92.35620908	
JU2104	plugging	4		36.0158	145.0038	0	0	0	22	9140.590909	59.64566516	
JU2106	plugging	2		88.0698	188.6382	0	0	5	62	9240.758065	82.88209377	
JU2131	plugging	7	"III:5752529(12),III:10227204(7)"	51.9091	345.5498	0	0	4	47	9232.787234	73.34643421	
JU2139	plugging	3		39.0024	126.429	0	0	1	20	9207.8	71.9309391	
JU2141	plugging	7		65.3877	454.8082	0	0	5	66	9262.575758	88.61374485	
JU2151	plugging	4		61.4146	225.99	0	0	7	58	9231.965517	78.77247146	
JU2193	plugging	4		26.289	116.8164	0	0	0	7	9131.857143	34.43598023	
JU2234	plugging	3	III:5355773(7)	84.0983	287.8336	0	0	3	96	9238.270833	66.5846077	
JU2250	plugging	6	"III:5752505(11),III:13164456(23)"	58.0448	322.3606	0	0	3	38	9267.184211	75.66333161	
JU2257	nonplugging	3		42.0524	145.362	46	0	4	0	0	0	
JU2287	nonplugging	4		49.9317	184.626	87	0	1	0	0	0	
JU2316	plugging	8	III:7246671(13)	60.0382	485.9298	0	0	35	41	9197.390244	62.06404169	
JU2460	plugging	6	III:5752508(14)	69.2901	385.4286	0	0	9	51	9200.529412	74.40887385	
JU2464	plugging	1		53.6499	43.7262	0	0	0	61	9261.770492	91.93054995	
JU2466	plugging	1	III:7246661(1)	71.8347	57.3012	1	0	1	61	9206.655738	78.90705993	
JU2467	plugging	1		82.7658	44.6468	0	0	0	52	9218.057692	56.35546983	
JU2468	plugging	1		51.2756	35.4568	0	0	0	51	9213.686275	68.07334286	
JU2478	plugging	4		84.4223	356.0876	0	0	7	56	9230.25	106.5669223	
JU2513	nonplugging	6		48.6264	310.0554	87	0	3	0	0	0	
JU2519	plugging	9	"III:5752538(18),III:10226790(15),III:12222313(3)"	56.1141	516.2366	1	0	4	66	9198.30303	73.13892337	
JU2522	plugging	6	"III:5752511(18),III:10226591(10)"	48.498	289.3298	0	0	5	26	9223.576923	51.39228697	
JU2526	plugging	8	"III:588695(2),III:5752517(7),III:10227035(9)"	42.984	329.3996	0	0	20	32	9218.46875	79.46185578	
JU2527	plugging	5	III:5752511(33)	90.4927	489.6782	0	0	10	77	9209.025974	68.59744685	
JU2534	plugging	1		99.5263	61.851	0	0	1	45	9210.222222	80.75914503	
JU2565	nonplugging	1		56.8606	53.335	77	0	2	0	0	0	
JU2566	nonplugging	3		75.531	219.2386	151	0	1	0	0	0	
JU2570	plugging	5	III:5752509(23)	92.5329	474.8668	0	0	2	87	9247.896552	79.18812672	
JU2572	nonplugging	1		91.5336	124.8822	162	0	1	1	6954890	0	
JU2575	nonplugging	6	III:5752432(1)	70.0862	393.8694	108	0	9	0	0	0	
JU2576	plugging	3	"III:10227061(10),III:13554301(1)"	107.9611	363.2016	0	0	8	99	9228.080808	77.6359904	
JU2578	plugging	1		71.6742	46.3254	0	0	1	72	9244.111111	84.13886596	
JU2581	plugging	3	III:7167991(15)	51.8439	168.9146	0	0	4	45	9205.044444	60.64686694	
JU2586	plugging	2		79.4037	144.2656	0	0	3	55	9232.418182	87.48229762	
JU2587	ambiguous	5	"III:2497295(1),III:4788005(1),III:7167998(10),III:9228004(1)"	67.1085	342.121	0	0	51	59	126935.5593	896495.3869	
JU258	plugging	2		79.9523	131.7578	0	0	1	67	9130.029851	49.76930966	
JU2592	nonplugging	5	III:11332984(20)	72.6954	348.4104	89	0	5	0	0	0	
JU2593	plugging	5	III:7168006(19)	72.5826	387.759	0	0	2	47	9210.361702	66.45600866	
JU2600	plugging	4		69.2521	266.6196	0	0	5	49	9232.306122	77.2552631	
JU2604	plugging	3		81.6582	269.8646	0	0	4	78	9228.705128	75.33312497	
JU2605	plugging	3		58.3927	172.8828	0	0	3	35	9227.742857	57.0309905	
JU2610	plugging	3		77.3067	247.1132	0	0	3	36	9213.305556	110.5347656	
JU2619	plugging	2		47.8185	80.823	1	0	3	22	9196.727273	56.03909497	
JU262	plugging	1	III:9166156(1)	36.327	27.381	0	0	0	15	9135.933333	51.21909366	
JU263	plugging	1		27.2154	19.0264	0	0	0	7	9097.571429	33.346052	
JU2771	ambiguous	3	III:3808292(1)	25.6839	84.9302	0	0	0	4	9110.5	19.5	
JU2800	plugging	0		84.0406	40.7688	0	0	1	44	9197.386364	93.4675967	
JU2802	plugging	1		60.167	31.2428	0	0	0	45	9238.377778	83.16711126	
JU2803	ambiguous	4	III:7873843(3)	37.113	160.5974	0	0	0	10	195340.4	458112.5711	
JU2811	plugging	3		56.6787	191.7014	0	0	1	31	9217.870968	64.66925377	
JU2825	nonplugging	1		80.524	85.7724	119	0	4	0	0	0	
JU2828	plugging	3	III:7168005(9)	48.6455	154.2078	0	0	4	42	9200.904762	57.23627285	
JU2829	plugging	3	III:7168003(24)	77.9667	245.4576	0	0	2	55	9211.745455	71.72959784	
JU2830	plugging	3	"III:7167999(15),III:7608271(1)"	63.3255	187.8736	0	0	5	52	9231.25	93.75599981	
JU2838	plugging	3	III:791689(8)	74.4783	252.8154	0	0	0	57	9224.087719	65.42607472	
JU2841	plugging	2	"III:3181983(5),III:13533551(1)"	64.152	148.9628	0	0	11	59	9260.288136	81.74330447	
JU2853	plugging	1		83.5652	42.2498	0	0	0	60	9209.266667	64.13186069	
JU2860	nonplugging	1		53.6771	55.4358	86	0	1	0	0	0	
JU2862	plugging	1		77.8947	100.5078	0	0	3	60	9222.05	64.59242087	
JU2866	plugging	1	III:570297(1)	73.2994	106.8702	0	0	5	46	9234.869565	106.5777138	
JU2878	plugging	5	"III:10227122(10),III:12595891(5)"	96.9764	443.605	0	0	25	40	9194.45	61.88454977	
JU2879	plugging	5	III:2266333(3)	84.3131	379.4454	0	0	38	35	9209.628571	80.04430406	
JU2906	nonplugging	1		56.6519	59.9166	112	0	0	0	0	0	
JU2907	nonplugging	1		67.3443	76.3294	128	0	6	0	0	0	
JU2908	nonplugging	1		65.667	73.2216	130	0	3	0	0	0	
JU310	plugging	1		56.5449	68.3656	0	0	0	38	9131.736842	54.88969044	
JU311	nonplugging	3	III:10225268(4)	47.5518	149.9884	37	0	0	0	0	0	
JU3125	plugging	4	"III:5752497(6),III:10227159(8),III:10607540(4)"	44.7588	200.3754	2	0	0	26	9185.807692	36.10563479	
JU3127	plugging	6	"III:1452627(3),III:3517903(1),III:5752534(5),III:10226488(2),III:10607508(4),III:12676345(1)"	33.9309	192.0608	0	0	1	31	9196.612903	58.68597536	
JU3128	plugging	1		30.9138	31.8	0	0	0	26	9205.769231	65.75789376	
JU312	nonplugging	4	III:10225327(11)	65.6324	239.9216	95	0	11	0	0	0	
JU3131	plugging	1		25.8301	16.1336	0	0	0	15	9192.333333	51.19071096	
JU3132	plugging	1	"III:5752430(1),III:12676335(1)"	73.2356	92.1062	0	0	0	70	9190.757143	71.29043929	
JU3133	plugging	3		33.7573	109.1038	1	0	2	30	9185.033333	67.91685276	
JU3134	plugging	5		59.5325	280.4362	0	0	6	65	9203.507692	73.73447645	
JU3135	plugging	1		32.3406	26.392	0	0	0	27	9192.888889	59.58270525	
JU3136	plugging	5	"III:5752519(6),III:10226756(11)"	43.8972	236.5332	0	0	1	43	9191.093023	59.79337054	
JU3137	plugging	9	"III:5752521(7),III:10227029(4)"	43.5319	409.4144	0	0	3	45	9159.8	59.61342131	
JU3138	plugging	5		39.1784	193.8818	0	0	1	44	9180.590909	49.5751579	
JU3139	plugging	8		24.7157	195.0552	0	0	0	19	9191.315789	33.25191349	
JU3140	plugging	7	"III:5752531(9),III:6277213(1)"	56.6787	418.5468	0	0	2	32	9200.625	90.41354641	
JU3141	nonplugging	3	"III:840728(1),III:2800215(1),III:5697187(1),III:12304405(13),III:13055476(1)"	52.9648	184.4152	80	0	2	0	0	0	
JU3142	plugging	7	III:5752453(5)	28.4601	195.444	0	0	2	22	9141.090909	65.17661955	
JU3144	plugging	1		29.4399	32.6894	0	0	2	16	9150.625	40.71374921	
JU315	nonplugging	3	III:10225253(4)	80.9078	267.9636	97	0	0	0	0	0	
JU3166	ambiguous	1		119.6047	98.5404	2	0	2	145	35985.87586	320872.2776	
JU3167	ambiguous	1	III:1301602(1)	71.5877	61.6268	0	0	0	80	59032.1875	442578.3116	
JU3169	ambiguous	1		96.5006	92.662	1	0	0	136	38602.10294	341032.897	
JU3224	plugging	5		26.9418	142.4068	0	0	0	13	9206.615385	61.18011047	
JU3225	plugging	1		36.2973	29.8084	0	0	0	31	9184.064516	38.38425037	
JU3226	plugging	3	III:13160643(1)	29.7366	93.6828	0	0	0	23	9212.304348	78.92232548	
JU3227	plugging	6	"III:6719671(3),III:10226864(1),III:13328661(6)"	41.8979	250.2192	0	0	0	43	9201.325581	58.34728464	
JU3228	plugging	6	"III:6719608(7),III:13328667(13)"	48.6684	277.7122	0	0	0	42	9200.52381	61.21322534	
JU323	plugging	0		67.1781	30.2992	0	0	0	32	9123.9375	37.54908246	
JU3271	plugging	4	III:3362750(1)	54.4955	193.4396	0	0	1	37	9247.135135	106.7629762	
JU3280	plugging	1		42.0498	36.0026	0	0	0	37	9320.567568	145.3418227	
JU3282	plugging	1		48.0582	25.5798	0	0	0	29	9326.655172	228.0653681	
JU3291	plugging	3		49.7612	168.009	0	0	0	41	9301.365854	140.8667864	
JU3318	plugging	2		34.3679	62.0802	2	0	0	34	9181.029412	66.89829211	
JU3398	plugging	3	III:5657101(1)	38.9513	121.7674	0	0	0	5	9106.4	40.47023598	
JU3399	plugging	3		65.3195	211.8034	0	0	1	15	9102.266667	26.7892184	
JU3400	ambiguous	3	"III:6159750(1),III:10336230(1)"	83.7459	282.0488	0	0	1	32	227378.625	1215249.773	
JU3401	plugging	4		43.0558	152.217	0	0	0	6	9103.166667	30.47631138	
JU3402	plugging	3	III:6802650(1)	65.3804	225.8356	0	0	3	25	9137.64	50.13891104	
JU3403	plugging	4		48.0347	168.836	0	0	0	10	9111.4	27.39781013	
JU345	plugging	5	"III:3256504(8),III:3926158(1),III:11644497(7)"	43.9465	208.9934	0	0	3	36	9262.666667	112.6632149	
JU346	plugging	6	"III:5477105(1),III:11644686(2)"	51.7682	285.3446	0	0	0	46	9122.173913	55.50687554	
JU360	plugging	1		69.1959	50.1782	0	0	0	40	9110.75	34.94334701	
JU363	plugging	1	III:2502796(1)	89.6823	66.0296	0	0	0	70	9170.757143	73.34525707	
JU367	nonplugging	1		62.1258	67.9606	66	0	0	0	0	0	
JU3781	plugging	5		29.526	133.5134	0	0	0	10	9099.9	32.86167981	
JU3782	plugging	4	III:7114325(1)	26.3014	109.9168	0	0	0	5	9193.6	39.93795188	
JU3783	ambiguous	4	"III:4620520(1),III:6478837(1),III:12017684(1)"	37.0828	151.4398	0	0	0	10	86815.6	232986.8013	
JU3785	ambiguous	4		32.2185	115.0862	0	0	2	7	808893.2857	1959101.78	
JU3786	plugging	4		30.2507	115.9522	0	0	1	11	9113.363636	42.52116634	
JU3787	plugging	5	III:6118980(1)	29.5358	135.7426	0	0	0	12	9111.916667	32.62784683	
JU3788	ambiguous	4		33.822	148.214	0	0	0	5	884918.8	1751609.1	
JU3789	plugging	5		37.1902	180.9298	0	0	0	11	9105.454545	21.26184648	
JU3790	ambiguous	5	"III:2500248(1),III:2735213(1),III:7516604(1),III:8149873(1)"	27.7404	145.3688	0	0	1	5	1746512.8	3474742.1	
JU3791	plugging	4	"III:4305915(1),III:12008130(1)"	82.464	363.1642	0	0	0	59	9145.474576	47.97398869	
JU3792	ambiguous	4	"III:4070660(1),III:7776521(1)"	25.8595	108.9574	0	0	1	4	9076	15.14925741	
JU3793	plugging	4		42.9552	181.9228	0	0	0	6	9118	47.5394573	
JU3794	plugging	5		35.1533	180.962	0	0	0	17	9115.529412	45.1613026	
JU3795	plugging	5	"III:795647(1),III:5752552(10),III:12101039(1)"	66.427	345.778	0	0	0	32	9158.125	55.94347035	
JU393	plugging	6		44.556	255.1386	0	0	0	32	9128.1875	42.24070719	
JU394	nonplugging	3	"III:12463704(12),III:12650691(1)"	58.2731	196.664	107	0	0	0	0	0	
JU397	plugging	5	III:5752587(13)	66.6364	346.859	0	0	0	37	9096.054054	47.14952979	
JU4047	plugging	2		43.384	65.3572	0	0	0	14	9104.714286	45.07997429	
JU4048	ambiguous	1		23.2068	33.0256	0	0	0	2	9093.5	33.5	
JU4054	ambiguous	1		29.4972	33.1498	0	0	0	2	9140	0	
JU4067	plugging	1		25.7181	28.096	0	0	0	7	9112.857143	40.01224302	
JU4069	ambiguous	3		23.419	77.2468	0	0	0	8	499475.25	1297520.192	
JU406	nonplugging	2		48.2342	85.8576	50	0	0	2	9172	0	
JU4071	ambiguous	1		16.5161	21.821	0	0	0	3	2157704.667	1849983.908	
JU4072	ambiguous	3		25.0419	68.159	0	0	1	6	48542.5	88132.16085	
JU4073	plugging	2		32.3281	50.7842	0	0	1	5	9084	39.19183588	
JU4074	plugging	2		21.9699	38.2124	0	0	0	7	9109	40.23147311	
JU4075	plugging	3	"III:816815(2),III:6134144(2)"	18.3707	61.2508	0	0	0	5	9073.2	7.413501197	
JU4082	plugging	3		27.6225	86.531	0	0	0	1	9103	0	exp_validated
JU4085	ambiguous	3		23.9871	77.6416	0	0	0	2	9081	0	
JU4098	plugging	0		25.5036	11.9554	0	0	0	6	9100.666667	20.27039439	
JU4132	plugging	4	III:6616352(1)	32.4294	125.4312	0	0	0	7	9154.142857	23.77530875	
JU4133	ambiguous	3		19.9431	62.3106	0	0	0	4	9168	0	
JU4134	ambiguous	4		34.9103	132.003	0	0	1	4	9096.5	12.51998403	
JU4135	ambiguous	4		35.5095	158.9092	0	0	0	6	82164.66667	163397.2413	
JU4136	plugging	5		27.4216	135.4794	0	0	0	7	9081.571429	11.78203406	
JU4137	ambiguous	4	"III:6421136(1),III:11328068(2),III:12005987(1),III:12662094(1)"	30.0293	120.7704	0	0	0	10	433788.1	1274025.634	
JU4138	ambiguous	5		39.3975	188.9524	0	0	0	7	97605	216795.3573	
JU4139	plugging	4		26.1892	111.9564	0	0	0	10	9124.4	41.58653628	
JU4140	ambiguous	5		26.8147	137.8292	0	0	0	4	9095.25	48.61776939	
JU4141	plugging	5		24.2666	130.9224	0	0	1	13	9133.461538	40.36299788	
JU4142	plugging	4	III:6549059(2)	30.9313	134.3984	0	0	0	9	9123.777778	8.148316497	
JU4143	plugging	5		24.6785	126.009	0	0	0	16	9110.875	23.52624864	
JU4144	plugging	4	III:6014873(1)	36.9654	149.063	0	0	0	15	9128.866667	32.73299389	
JU4145	ambiguous	2	III:690715(1)	30.0804	65.7276	0	0	0	2	9085	0	
JU4146	plugging	5	III:8617228(1)	31.3339	155.9022	0	0	0	10	9103	32.88464687	
JU4147	plugging	5	"III:4568214(1),III:4587211(1),III:13403712(1)"	34.1709	157.5172	0	0	1	12	9112.666667	22.00504993	
JU4148	plugging	5	III:3016839(1)	39.8817	190.9012	0	0	1	17	9100.235294	21.78377543	
JU4149	plugging	5		28.4005	139.6058	0	0	2	16	9125.8125	50.62511574	
JU4150	plugging	5	III:6043956(1)	38.8523	183.2772	0	0	0	19	9114.684211	29.49764064	
JU4151	plugging	5		34.4924	179.1618	0	0	0	20	9128.2	32.85209278	
JU4152	plugging	5		31.7292	145.999	0	0	0	9	9097.444444	25.08700908	
JU4153	ambiguous	2	"III:8754807(1),III:10731336(1)"	29.9562	66.1562	0	0	0	6	1107637.333	2456373.743	
JU4154	ambiguous	4	III:3512754(1)	34.935	125.8946	0	0	0	4	9131.5	31.5	
JU4155	plugging	4	III:8105704(1)	38.0194	169.2668	0	0	1	6	9098.5	37.17413976	
JU4156	ambiguous	4	"III:3164455(1),III:11387496(1)"	32.5441	137.9204	0	0	2	4	9089.75	21.3585463	
JU4157	plugging	3	III:13160692(1)	32.2772	83.236	0	0	0	11	9139.090909	53.2190235	
JU4158	plugging	2	III:451813(1)	26.664	64.9408	0	0	0	6	9083.833333	31.69340976	
JU4159	plugging	4		34.9901	154.716	0	0	0	7	9103.142857	33.27559625	
JU4160	plugging	5		27.2126	129.196	0	0	1	10	9126.6	34.7942524	
JU4161	plugging	2	III:6660683(1)	61.6523	147.8372	0	0	0	23	9112.956522	25.52318343	
JU4162	plugging	4	III:9047550(1)	33.3008	136.184	0	0	0	5	9113	34.36277055	
JU4163	plugging	4	"III:1260455(1),III:7724509(1)"	35.4353	143.7742	0	0	1	6	9133.166667	53.50519186	
JU4164	plugging	3	III:3949124(1)	33.5158	84.8468	0	0	0	15	9118.133333	30.10839676	
JU4165	plugging	5		24.4993	120.3024	0	0	0	6	9080	14.25949976	
JU4166	ambiguous	5		19.5339	96.2254	0	0	0	0	0	0	
JU4167	plugging	4		31.3493	134.2098	0	0	0	5	9113.8	27.66514052	
JU4168	plugging	4		29.7703	131.6182	0	0	0	5	9112.2	32.28869771	
JU4174	plugging	4	III:3906138(1)	21.5875	81.0574	0	0	1	5	9112.8	49.0322343	
JU4175	plugging	4	III:6168337(1)	27.4874	104.921	0	0	0	7	9094.142857	28.71250883	
JU4176	ambiguous	4		25.9512	101.15	0	0	0	1	9092	0	
JU4177	ambiguous	4	III:5147683(2)	33.964	119.91	0	0	0	2	9150	0	
JU4178	plugging	4	III:9574320(1)	35.2509	130.8276	0	0	1	12	9114.333333	49.61742525	
JU4179	ambiguous	3		28.6156	92.919	0	0	0	4	105371	166740.4919	
JU4180	ambiguous	4	III:6078513(1)	38.5198	142.9578	0	0	0	25	95093.96	421242.0264	
JU4181	plugging	4	III:9784235(1)	32.2101	125.5796	0	0	0	7	9131.285714	11.44819743	
JU4182	ambiguous	4		35.9819	126.59	0	0	0	11	216304.3636	655085.3098	
JU4183	plugging	5	"III:11377634(1),III:12850560(2)"	26.336	127.8266	0	0	0	13	9114.230769	24.19839107	
JU4184	ambiguous	3	III:9458282(2)	33.0796	104.3758	0	0	1	4	1545316.25	2660808.638	
JU4185	plugging	4	"III:436302(1),III:956225(1)"	29.4588	111.0542	0	0	1	5	9095.2	30.84412424	
JU4186	ambiguous	3	III:9794887(1)	27.805	90.9628	0	0	1	3	9111	12.72792206	
JU4187	plugging	4		27.6282	106.9508	0	0	0	10	9107.1	15.20822146	
JU4188	plugging	4		27.3732	99.7698	0	0	0	7	9136.714286	39.42339511	
JU4189	plugging	4		36.2266	137.5496	0	0	0	11	9114.909091	21.74001148	
JU4190	ambiguous	4	III:7660109(2)	31.1301	115.6818	0	0	0	10	390729.9	763222.5514	
JU4191	plugging	3		30.5984	106.3882	0	0	0	6	9100.666667	29.39765675	
JU4192	ambiguous	4	III:4990169(2)	36.921	131.0032	0	0	0	11	376589.4545	1161992.064	
JU4193	plugging	3		31.1672	105.5882	0	0	0	8	9098.625	31.42426411	
JU4194	plugging	3	"III:9454372(1),III:10696125(1)"	36.6153	125.606	0	0	1	14	9117.714286	27.91934448	
JU4195	plugging	3		37.431	127.8578	0	0	0	10	9145	28.67751733	
JU4196	plugging	3	III:585032(1)	39.0338	133.1452	0	0	0	7	9100.857143	27.34137927	
JU4197	plugging	4		27.1834	98.307	0	0	0	13	9099.384615	26.86873637	
JU4198	plugging	3	III:3417983(1)	34.7126	116.452	0	0	0	11	9108.727273	11.41044903	
JU4199	ambiguous	4		36.297	128.8398	0	0	0	9	448164.2222	1241799.991	
JU4200	plugging	3		36.6491	127.0076	0	0	1	5	9069	12.04989627	
JU4201	ambiguous	3		48.7445	150.0106	0	0	2	2	3265523.5	3256462.5	
JU4202	plugging	4	III:9539603(1)	30.6772	107.908	0	0	0	11	9099.818182	29.73463907	
JU4203	ambiguous	4		26.7956	102.19	0	0	1	15	113335.7333	389970.3042	
JU4204	plugging	4		33.2754	125.3956	0	0	0	13	9139.692308	34.71507014	
JU4205	plugging	5	III:3339400(1)	34.5996	176.3368	0	0	1	6	9137.333333	20.85398976	
JU4206	plugging	4	III:11176474(1)	28.7324	119.3412	0	0	0	8	9112.375	30.93516405	
JU4207	plugging	5	III:2299579(1)	34.7452	187.3306	0	0	0	17	9108.588235	41.38351309	
JU4208	plugging	4		30.4964	118.0034	0	0	0	17	9111.058824	35.43755168	
JU4209	plugging	2		35.3588	61.0704	0	0	0	7	9114	43.95777194	
JU4210	plugging	4	"III:1953060(1),III:13408823(1)"	36.1204	156.9736	0	0	1	31	9168.129032	73.27356692	
JU4211	plugging	5		29.3619	136.3106	0	0	0	12	9102.666667	28.88579043	
JU4212	plugging	5	III:7748509(1)	35.2938	166.707	0	0	1	11	9074.272727	30.20262153	
JU4213	ambiguous	5	"III:5875293(1),III:8318564(1)"	47.9216	221.377	0	0	0	11	794542.5455	2483824.097	
JU4214	plugging	4	III:8597184(1)	35.0029	144.92	0	0	0	5	9105.8	9.495261976	
JU4215	ambiguous	4		40.4259	150.2372	0	0	0	3	9102.333333	21.68460796	
JU4216	ambiguous	4		34.5038	134.4078	0	0	1	2	9063.5	15.5	
JU4217	ambiguous	5	III:8251778(1)	33.091	149.5256	0	0	0	12	415562.8333	1348052.749	
JU4218	ambiguous	4	III:2387431(1)	30.4758	131.0322	0	0	0	2	9093	3	
JU4219	ambiguous	5		25.2488	131.2968	0	0	0	3	9073.666667	13.29995823	
JU4220	plugging	5	"III:659206(1),III:1908547(1),III:3004482(1),III:10347639(1)"	31.2524	150.1562	0	0	0	6	9099.333333	18.80307303	
JU4221	ambiguous	4	III:1908547(1)	20.5028	85.4378	0	0	0	3	9058	7.788880964	
JU4222	plugging	5		29.3355	138.2112	0	0	1	9	9109.444444	41.68429257	
JU4223	plugging	4	III:5337866(1)	32.5785	136.5006	0	0	0	9	9112.444444	37.06184354	
JU4224	ambiguous	4		24.1893	93.3138	0	0	1	4	9119	0	
JU4225	plugging	5	"III:5476533(1),III:11234744(1)"	32.5408	151.696	0	0	1	8	9087.5	12.09338662	
JU4226	plugging	4	III:5404743(1)	39.5691	172.6472	0	0	1	7	9132.142857	36.63108973	
JU4227	plugging	5	III:6681908(1)	23.7409	109.4446	0	0	0	16	9126.8125	36.00211582	
JU4228	plugging	4	III:8894310(1)	30.16	135.0242	0	0	0	5	9127.6	34.8	
JU4229	plugging	5		32.0056	157.8624	0	0	1	5	9095.8	31.02515109	
JU4230	plugging	4	"III:6970678(1),III:7855697(1)"	32.6803	146.8742	0	0	1	5	9127.6	26.47715997	
JU4231	plugging	4	III:9914693(1)	31.721	136.933	0	0	0	5	9100.4	17.2	
JU4232	ambiguous	5		42.24	196.2288	0	0	0	3	9109.333333	3.299831646	
JU4233	plugging	5		31.8533	165.9312	0	0	0	16	9134.75	41.98586072	
JU4234	plugging	4		34.0948	145.8094	0	0	1	15	9109.266667	27.15011766	
JU4235	plugging	4	III:1791590(1)	28.93	112.6976	0	0	0	7	9105.142857	29.34245375	
JU4236	ambiguous	4		32.8708	127.8036	0	0	0	2	9165	0	
JU4237	plugging	4		28.6481	116.9054	0	0	0	5	9130.6	36.55461667	
JU4238	plugging	5	III:5015863(1)	27.7866	130.511	0	0	0	13	9157	57.77276441	
JU4239	plugging	5		31.9349	156.102	0	0	0	12	9123.166667	44.9533709	
JU4240	plugging	5	III:6772519(1)	27.2731	135.9846	0	0	0	15	9124.133333	39.98810934	
JU4241	plugging	4	III:9867480(2)	28.1445	118.7558	0	0	0	9	9164.111111	37.63404028	
JU4242	ambiguous	4	III:2662632(1)	24.5347	86.2022	0	0	0	6	819898	1812994.525	
JU4285	ambiguous	3		16.4865	53.321	0	0	0	3	9105	8.485281374	
JU4286	ambiguous	5	III:167901(1)	26.066	124.692	0	0	2	3	9092.333333	5.185449729	
JU4287	ambiguous	4		20.9729	79.7508	0	0	1	0	0	0	
JU4357	plugging	4	III:12043830(1)	43.2423	164.1706	0	0	1	6	9093.666667	14.46451597	
JU4358	plugging	4	"III:284768(1),III:408440(1),III:3254050(1)"	61.6747	233.1424	0	0	0	15	9098.866667	23.51415649	
JU4359	ambiguous	4	III:10022021(2)	38.4218	138.6178	0	0	1	3	2323843	3273601.048	
JU4360	ambiguous	5	"III:121881(1),III:1908546(1),III:3877470(1),III:7014165(1)"	74.0022	342.1382	0	0	1	68	111308.0147	836083.3299	
JU4361	plugging	4	III:8754495(1)	64.1602	263.9154	0	0	1	17	9100.764706	19.30111064	
JU4362	ambiguous	5	III:10537979(1)	32.5165	153.1766	0	0	0	17	301835.7059	1170716.824	
JU4363	ambiguous	4	III:6593865(1)	55.6881	245.8582	0	0	0	4	9108.5	43.86627406	
JU4364	ambiguous	5	"III:3595897(1),III:6992303(1),III:11385828(2)"	44.2151	219.7438	0	0	2	4	9121.5	26.5	
JU4365	plugging	4	III:7056796(1)	53.1071	235.0326	0	0	0	22	9153.136364	46.79189465	
JU4366	plugging	6		52.4861	302.471	0	0	0	65	9189.953846	51.17975284	
JU4367	ambiguous	2		71.6994	178.5374	0	0	0	27	266386.4074	1311730.928	
JU4368	plugging	4	"III:5044632(1),III:7893897(1)"	48.3228	199.3048	0	0	0	12	9118.833333	28.66424408	
JU4369	plugging	2	III:650372(1)	38.131	80.7136	0	0	0	11	9136	18.90646835	
JU4370	plugging	2		70.5098	168.9776	0	0	0	13	9111.230769	31.69118743	
JU4371	plugging	4	III:12008247(2)	77.0104	313.2964	0	0	1	16	9112.625	45.34158549	
JU4372	ambiguous	4	"III:1617425(1),III:7800283(1)"	61.032	254.831	0	0	0	0	0	0	
JU4373	ambiguous	4	"III:757585(1),III:1908546(1),III:7290366(2),III:9321879(1),III:10532640(2)"	81.7746	353.5004	0	0	2	25	157099.76	724999.6168	
JU4374	plugging	4		42.0825	161.9526	0	0	0	7	9115.428571	27.76357914	
JU4375	plugging	4	"III:1245892(1),III:7493219(2),III:9252751(1),III:13543312(2)"	97.3645	398.432	0	0	2	21	9094.714286	25.97094138	
JU4376	ambiguous	2		51.1624	123.6	0	0	1	7	519481.4286	806960.5013	
JU4377	plugging	1		117.2833	62.8284	0	0	0	52	9158.115385	53.93181373	
JU4380	ambiguous	9	"III:1452588(1),III:5752566(1)"	35.3715	328.8762	0	0	2	3	9079.333333	23.32857094	
JU4381	plugging	6	"III:7775848(7),III:11279284(4)"	35.3893	229.4968	0	0	0	6	9066.333333	16.02775371	
JU4382	plugging	7	"III:5753371(1),III:9373027(2),III:10226372(1)"	26.8385	199.9968	0	0	0	7	9090.142857	25.06237118	
JU4383	ambiguous	4	"III:1452671(4),III:3260199(1)"	42.207	185.5456	0	0	0	0	0	0	
JU4384	ambiguous	8	"III:1908547(1),III:5752152(2),III:6641274(1)"	36.2523	301.7514	0	0	1	2	9053	0	
JU4385	ambiguous	10	"III:3181727(2),III:7776056(7),III:10036128(1),III:10174709(1),III:11280229(2)"	35.6136	345.2934	0	0	2	14	227622.5	787911.5523	
JU4400	ambiguous	1		89.7101	74.6386	0	0	0	20	257925.35	1084373.764	
JU4401	nonplugging	2		70.6199	134.9452	56	0	0	1	4985900	0	
JU440	nonplugging	5	III:12410869(2)	55.484	257.303	57	0	0	0	0	0	
JU561	plugging	1		48.7288	37.605	0	0	0	44	9121.795455	40.55948468	
JU642	plugging	1		48.8603	61.5804	0	0	0	37	9151.135135	65.85289181	
JU751	plugging	5	III:7167952(7)	67.096	330.8286	0	0	0	43	9118.55814	43.92980782	
JU755	plugging	4	"III:3740196(2),III:7167692(1)"	31.056	139.3452	0	0	0	6	9093	32.38312318	
JU774	plugging	4	"III:5752600(9),III:6279648(3),III:10226889(7)"	59.1695	260.1874	0	0	0	37	9114.459459	42.29215926	
JU775	plugging	7	"III:5752612(8),III:10226578(4)"	48.6457	356.0736	0	0	0	35	9136.2	47.64799501	
JU778	plugging	7	"III:5752584(13),III:10226953(20),III:12824278(1)"	111.9534	741.233	0	0	0	78	9117.576923	35.76257865	
JU782	plugging	6	III:10227078(7)	96.4363	546.8556	1	0	5	97	9190.082474	94.3955999	
JU792	plugging	9	"III:1280913(4),III:1292501(9),III:5752568(26)"	104.3411	907.3226	0	0	27	41	9160.317073	62.64356741	
JU830	plugging	2	III:7167966(11)	74.2773	133.8334	0	0	0	61	9134.983607	43.99943808	
JU847	plugging	4		41.7243	167.5194	0	0	0	35	9129.857143	36.8387551	
KR314	plugging	3		65.3093	222.0826	0	0	0	29	9122	29.93210708	
LKC34	plugging	4	"III:5752587(12),III:10227081(7)"	60.0495	264.0464	0	0	0	40	9132.3	57.15907627	
LUA1	ambiguous	4	III:8219943(2)	40.4781	154.8994	0	0	0	4	9083.25	25.05369234	
LUA56	plugging	4		44.2793	165.5996	0	0	3	12	9133.5	23.89386253	
LUA57	ambiguous	3	"III:3137445(1),III:5618356(1),III:6579056(28)"	109.3629	274.4646	0	0	0	79	25676.65823	145803.7009	
LUA59	plugging	3	III:8436397(2)	63.6144	178.8094	0	0	1	7	9077.285714	21.31876629	
LUA60	plugging	5	"III:9993489(1),III:13554411(2)"	47.9336	242.496	0	0	1	12	9116	20.35517952	
LUA61	plugging	1		27.5778	39.3852	0	0	0	10	9086.6	10.29757253	
LUA62	plugging	2	III:6579099(1)	36.1163	88.665	0	0	0	17	9113.588235	19.93831317	
LUA93	ambiguous	4	"III:1908547(1),III:6694918(1),III:6875819(14),III:7687117(9),III:11276014(1)"	86.7119	352.5146	0	0	1	39	314338.9744	1130843.158	
MBA1163	nonplugging	4	III:12193741(1)	24.7025	106.0402	31	0	1	0	0	0	
MBA1214	plugging	1		38.8819	27.161	0	0	0	7	9120.571429	34.6816425	
MY10	plugging	5	"III:582288(2),III:5752585(20),III:10226931(5)"	53.8985	259.8868	0	0	0	44	9134.272727	46.17524112	
MY16	plugging	6		53.8925	303.4674	0	0	14	39	9132.948718	40.22561291	
MY18	plugging	5		66.7202	301.5844	0	0	0	30	9130.6	41.74014854	
MY1	plugging	0		54.751	23.4376	0	0	0	23	9125.826087	43.68628496	
MY2001	plugging	6	"III:5752520(15),III:10226975(15),III:12153906(1)"	71.1951	408.5682	0	0	4	65	9279.307692	133.3213496	
MY2004	plugging	5	"III:5752530(27),III:10227130(6)"	68.1967	316.8694	0	0	5	62	9214.129032	71.83571847	
MY2011	plugging	5	"III:5752564(8),III:10226892(4),III:11927976(1)"	29.3617	134.809	0	0	3	13	9258.769231	62.03740044	
MY2014	plugging	5	"III:5752546(22),III:10227133(11)"	74.8782	348.9154	0	0	4	73	9227.09589	68.44619212	
MY2022	plugging	1		47.826	30.1038	0	0	0	30	9216.533333	66.02915181	
MY2024	plugging	1		41.5635	31.4254	0	0	0	44	9256.659091	52.34151107	
MY2042	nonplugging	5		59.0765	275.2004	85	0	3	0	0	0	
MY2050	plugging	5	"III:5752503(16),III:10227343(7)"	69.2279	319.5946	0	0	3	71	9210.43662	66.87190454	
MY2051	plugging	6	"III:5752499(17),III:10227048(5)"	43.5709	259.242	0	0	4	55	9264.345455	43.30619027	
MY2054	plugging	5	"III:5752562(8),III:10227129(10)"	47.3145	238.1322	0	0	8	58	9231.706897	73.74653905	
MY2078	plugging	1		39.7435	31.5768	0	0	0	50	9250.36	44.40169366	
MY2079	plugging	1		40.9494	22.6418	0	0	0	14	9095.928571	45.4571451	
MY2097	nonplugging	5	III:4319549(1)	71.7172	346.0248	121	0	5	0	0	0	
MY2099	plugging	5		34.3938	156.3104	0	0	4	27	9209.592593	34.06884018	
MY2109	plugging	2		36.4342	83.6694	0	0	1	23	9248.826087	68.49795438	
MY2121	plugging	4	"III:5752504(7),III:10227028(4)"	34.2721	144.4512	0	0	8	7	9195.285714	69.67621912	
MY2137	plugging	5	"III:5752547(26),III:10227032(23)"	71.5707	335.9452	0	0	9	72	9214.833333	38.18958555	
MY2138	nonplugging	4		56.3491	232.004	63	0	6	0	0	0	
MY2142	plugging	2	III:11527751(1)	42.3624	94.3966	0	0	4	31	9244.903226	84.1831164	
MY2143	nonplugging	1		56.8371	58.4662	96	0	1	0	0	0	
MY2144	plugging	2		26.0711	53.2392	0	0	2	17	9241.117647	66.47412796	
MY2147	nonplugging	1		52.2031	57.2072	79	0	1	1	9137	0	
MY2198	plugging	2		29.4986	55.7026	0	0	1	11	9269	20.20351005	
MY2199	plugging	4	"III:5752489(21),III:10227145(14)"	75.6415	334.5762	0	0	4	59	9223.152542	77.13378507	
MY2208	plugging	2		24.3613	41.0838	0	0	4	16	9261.25	44.25706158	
MY2212	plugging	2		79.4092	143.7692	0	0	1	83	9215.060241	38.89725403	
MY2224	plugging	2	III:11527751(1)	40.6701	95.014	0	0	3	37	9220.513514	41.71370999	
MY2239	plugging	2	"III:2316191(1),III:11527751(2)"	67.9865	163.9594	0	0	3	77	9252.207792	69.14718682	
MY2282	plugging	2		59.626	128.7596	0	0	2	51	9203.372549	72.12515288	
MY2288	plugging	5	"III:5752543(15),III:10226782(2)"	32.8279	178.81	0	0	4	38	9221.131579	44.38834072	
MY2291	plugging	1		54.1006	33.182	0	0	1	47	9215.042553	51.62300223	
MY2294	plugging	2	III:11527751(1)	50.8951	109.4604	0	0	2	47	9231.148936	63.19405396	
MY2338	plugging	2	III:11527751(1)	58.733	133.7718	0	0	1	54	9203.888889	41.82444202	
MY2339	plugging	4	"III:5752569(18),III:10226938(9)"	74.4787	327.1334	0	0	4	33	9199.242424	52.10945956	
MY2344	plugging	1		26.5651	28.8378	0	0	2	26	9215.269231	63.43776944	
MY2347	nonplugging	5		39.298	200.3302	46	0	5	0	0	0	
MY2373	nonplugging	5		73.0173	347.8716	116	0	7	0	0	0	
MY23	plugging	4		98.0714	381.2176	1	0	6	79	9150.405063	43.14929015	
MY2406	nonplugging	5		72.2243	354.7944	116	0	3	0	0	0	
MY2434	plugging	2		54.9676	113.6082	0	0	2	50	9211.98	72.46943908	
MY2443	plugging	2		48.2822	100.4564	0	0	2	45	9228.155556	90.98252715	
MY2453	plugging	4	"III:5752559(59),III:10227029(18),III:13366277(1)"	142.2139	630.976	0	0	16	109	9213.798165	51.03763314	
MY2479	nonplugging	5		63.2848	307.4434	119	0	9	0	0	0	
MY2481	nonplugging	3	III:10225369(3)	35.7374	110.7126	49	0	5	0	0	0	
MY2491	plugging	2		36.9932	69.8776	0	0	2	23	9216.478261	45.0621499	
MY2502	plugging	5	"III:5752545(18),III:10226959(8)"	59.7625	303.706	0	0	4	55	9229.509091	66.23535796	
MY2530	plugging	4		58.1011	217.9598	57	0	3	14	9216	43.45440961	
MY2532	plugging	1		64.0747	71.666	0	0	0	72	9231.902778	72.46208965	
MY2535	plugging	1		71.2968	62.4186	0	0	0	59	9227.305085	63.73628247	
MY2541	plugging	4	"III:5752464(7),III:10226864(1)"	38.5896	164.5038	0	0	4	16	9235.6875	79.27540504	
MY2573	plugging	2		67.4127	142.7894	0	0	2	60	9234.15	54.9650874	
MY2579	plugging	5	"III:5752468(13),III:10226891(6)"	37.3306	201.3776	0	0	6	30	9240.166667	78.31648755	
MY2585	plugging	3		39.144	131.753	0	0	3	24	9226.5	84.33415678	
MY2622	plugging	5	"III:5752549(21),III:10226833(7)"	65.1692	334.234	0	0	8	65	9264.338462	91.1259951	
MY2623	plugging	3		55.4468	189.2136	0	0	4	52	9227.365385	49.79381675	
MY2630	plugging	1		57.5091	35.0984	0	0	0	51	9223.431373	68.85399583	
MY2635	plugging	0		47.5497	12.4744	0	0	0	15	9273.066667	69.62898502	
MY2636	plugging	1		77.6818	44.997	0	0	0	63	9233.460317	68.06295531	
MY2640	plugging	1		60.0079	33.9076	0	0	0	46	9210.5	63.22243342	
MY2679	plugging	1		53.4658	41.6676	0	0	0	62	9220.516129	57.0810804	
MY2681	plugging	1		33.9249	17.8676	0	0	0	23	9260	87.41903086	
MY2684	plugging	1		68.964	46.84	0	0	1	67	9214.537313	50.05111666	
MY2685	plugging	1		77.5045	77.523	0	0	0	118	9247.889831	53.36868629	
MY2688	nonplugging	5		92.8876	458.9458	130	0	8	0	0	0	
MY2689	plugging	1		32.1274	24.2486	0	0	1	39	9235.871795	76.12714718	
MY2691	plugging	1		72.8922	40.378	0	0	0	52	9227.730769	67.26443665	
MY2692	plugging	3		65.2992	179.8742	0	0	3	59	9206.491525	52.62736701	
MY2693	plugging	1		82.0337	53.8116	0	0	0	71	9239.014085	88.33889497	
MY2713	plugging	1		86.5333	64.0482	0	0	0	85	9222.129412	59.46640935	
MY2719	plugging	1		43.9378	25.2648	0	0	0	35	9242.457143	47.00537529	
MY2741	plugging	3		52.0911	130.8826	0	0	2	44	9239.909091	74.57083825	
MY508	ambiguous	5	"III:2342949(1),III:5752481(15),III:10226950(7)"	45.1162	238.2946	0	0	5	40	152203.575	892708.4551	
MY518	plugging	4		41.151	175.7528	0	0	14	26	9237.5	97.07659545	
MY524	plugging	6	"III:5752538(17),III:10227167(12)"	53.763	317.0174	0	0	4	71	9208.028169	44.79530025	
MY538	plugging	4		29.3433	131.0744	0	0	1	23	9229.173913	53.99408355	
MY559	plugging	2		36.9823	76.3758	0	0	2	30	9226.133333	71.29036089	
MY561	plugging	5	"III:5752541(28),III:5895304(1),III:10226966(15)"	86.1296	461.1872	0	0	16	89	9216.640449	40.10638863	
MY564	plugging	5	"III:5752513(19),III:10226945(7)"	53.5665	288.5152	0	0	7	57	9237.070175	46.75762801	
MY570	plugging	5	"III:5752533(27),III:10226911(17)"	67.2768	344.3382	0	0	6	53	9224.867925	72.81769372	
MY579	plugging	2		53.7556	125.082	0	0	4	63	9205.619048	70.99417114	
MY589	nonplugging	5		49.5616	248.625	77	0	2	0	0	0	
MY673	plugging	5	III:11996221(1)	68.6054	308.8914	0	0	6	61	9258.918033	119.5242338	
MY679	plugging	1		53.2932	43.644	0	0	0	60	9248.616667	51.06697944	
MY684	plugging	1		36.7957	30.7056	0	0	0	41	9216.878049	43.99511898	
MY710	plugging	2		48.311	102.6166	0	0	1	30	9228.066667	73.98915836	
MY713	plugging	5	"III:5752532(19),III:10226905(8)"	49.6598	256.455	0	0	6	47	9210.042553	71.36837533	
MY741	nonplugging	5		27.674	146.3718	30	0	3	0	0	0	
MY772	nonplugging	2		87.9461	189.7486	151	0	4	0	0	0	
MY792	plugging	4	"III:5752567(15),III:10227012(6)"	59.9672	269.6816	0	0	8	44	9250.136364	71.93955509	
MY795	plugging	5		56.9693	271.733	0	0	3	64	9221.390625	43.11272187	
MY803	plugging	1		59.1633	48.314	0	0	0	72	9202.305556	41.23598714	
MY804	plugging	2		57.8898	141.0674	0	0	2	54	9257.62963	99.59181438	
MY819	plugging	5	"III:5752554(15),III:10226959(12)"	79.0437	406.8708	0	0	5	60	9224.65	64.60052244	
MY864	plugging	5	"III:5752523(19),III:10226898(10)"	63.1485	310.3622	0	0	3	52	9234.576923	80.19623676	
MY881	plugging	1		55.4942	48.3418	0	0	1	43	9256.186047	75.80153272	
MY882	plugging	1		50.8596	27.2244	0	0	0	35	9236.771429	67.03179873	
MY887	nonplugging	5		36.4979	196.5312	64	0	3	0	0	0	
MY904	plugging	6	"III:1908547(1),III:5752394(12),III:10227010(6)"	39.6723	223.042	0	0	1	27	9339.925926	133.9629374	
MY920	nonplugging	5		86.23	396.865	133	0	7	0	0	0	
MY934	plugging	2		67.483	165.3948	0	0	6	67	9201.268657	50.71712069	
MY965	plugging	6	"III:5752537(16),III:10226881(7)"	54.1094	299.9368	0	0	4	59	9243.813559	75.53301547	
MY990	nonplugging	5	III:9771868(1)	49.2678	240.5874	82	0	8	0	0	0	
MY991	plugging	1		23.7575	15.2634	0	0	0	17	9208	90.12344475	
N2	nonplugging	1		35.4733	34.852	41	0	0	0	0	0	
NIC1049	plugging	1		63.393	84.2542	0	0	2	40	9238.025	76.80347893	
NIC1107	nonplugging	3		97.6014	336.3046	145	0	12	0	0	0	
NIC1119	plugging	7	"III:2522305(9),III:7470454(1),III:8469331(12),III:10081584(11)"	59.8025	424.0562	0	0	10	36	9291.611111	124.2091153	
NIC1604	plugging	2		46.5153	90.9148	0	0	1	31	9258.516129	109.0483382	
NIC166	plugging	1		43.506	32.8466	0	0	0	36	9111.055556	40.15798277	
NIC1698	ambiguous	0		27.2461	12.657	0	0	0	4	9063.5	12.17579566	
NIC1699	ambiguous	1		36.8428	30.0988	0	0	0	3	9079.333333	9.428090416	
NIC1700	ambiguous	7	III:11924468(2)	32.3585	214.7042	0	0	0	4	753871.75	1289994.636	
NIC1741	plugging	0		58.673	23.624	0	0	0	5	9090.4	34.09750724	
NIC1749	plugging	0		26.8188	12.8552	0	0	0	10	9115.4	15.43502511	
NIC1753	plugging	0		17.5055	7.6174	0	0	0	5	9074.8	9.641576635	
NIC1772	ambiguous	5	"III:6650403(5),III:9404257(2)"	31.4717	165.7842	0	0	1	3	9084.666667	23.09882152	
NIC1773	ambiguous	4	III:1452588(1)	35.9299	126.7002	0	0	0	9	244165	664835.9402	
NIC1774	plugging	6	"III:4332597(2),III:5752536(5),III:10226864(1),III:11603128(1)"	27.5145	165.0062	0	0	0	12	9093.916667	21.58494202	
NIC1775	plugging	6	"III:4331732(3),III:5752559(2),III:8917574(1),III:10226816(1)"	33.9891	208.0286	0	0	1	9	9116.555556	55.44188371	
NIC1779	plugging	10	"III:779088(1),III:1498348(1),III:2004513(1),III:5055134(1),III:5752679(6),III:6149151(1),III:6983022(1),III:7075784(1),III:7991787(1),III:9182238(1),III:10226538(1)"	56.1098	534.4554	0	0	2	35	9154.085714	49.05062774	
NIC1780	ambiguous	6	"III:174657(1),III:597903(1),III:1735800(1),III:5578709(1),III:5799210(1),III:8188106(1),III:13160692(1)"	71.731	451.4854	0	0	2	26	96696.19231	437771.1635	
NIC1781	plugging	3	III:13160692(1)	32.3106	81.2578	0	0	1	14	9085.714286	22.99201281	
NIC1782	plugging	4		27.5466	111.609	0	0	0	12	9155	39.96039706	
NIC1783	ambiguous	2		80.3771	156.338	0	0	0	26	62709.42308	267926.7193	
NIC1784	plugging	3	III:2939719(3)	33.6957	100.475	0	0	0	18	9108.555556	36.01422901	
NIC1785	plugging	5	"III:2939725(15),III:4457998(1),III:10635595(2)"	62.6961	283.6558	0	0	3	28	9115.321429	43.56936471	
NIC1786	plugging	3	"III:2939734(11),III:5932262(1),III:7352054(1),III:7772739(1),III:7834198(1)"	89.6836	238.6934	0	0	1	58	9146.344828	52.4899175	
NIC1787	plugging	1		69.5165	58.4512	0	0	0	59	9136.423729	44.36069546	
NIC1788	ambiguous	3	"III:2939618(16),III:3549709(2),III:9130078(1)"	68.1068	217.222	0	0	0	19	19582.73684	44410.88067	
NIC1789	ambiguous	4	"III:71874(1),III:607869(9),III:2430443(1),III:2939967(10),III:9594390(10),III:11793023(1)"	91.5719	343.3404	0	0	1	49	196034.3061	1151718.182	
NIC1790	ambiguous	4		19.387	80.8684	0	0	0	0	0	0	
NIC1791	ambiguous	7	"III:2939719(3),III:3987095(1)"	27.7873	181.012	0	0	2	4	9141	0	
NIC1792	plugging	4	III:732004(1)	17.8003	70.8714	0	0	0	6	9108.5	38.59512059	
NIC1793	ambiguous	4	"III:6520586(1),III:8730390(1)"	79.8456	310.5232	0	0	1	37	45376.02703	217448.0012	
NIC1794	plugging	4	"III:694137(2),III:9187961(2),III:10242977(2),III:13160675(1)"	93.3302	347.7202	0	0	0	52	9157.653846	47.54062417	
NIC1795	plugging	3	"III:2939786(15),III:7822130(1),III:10977293(1)"	63.9434	171.23	0	0	0	16	9152.5625	43.59467965	
NIC1796	plugging	7	"III:1452588(7),III:2849321(1),III:2939719(9),III:12996846(1)"	54.9001	397.3754	0	0	1	28	9173.821429	197.9386726	
NIC1797	ambiguous	8	"III:882710(1),III:2940526(5),III:3056160(1)"	51.4694	422.1376	0	0	2	32	155732.6563	643018.1848	
NIC1798	plugging	7	"III:1184500(1),III:2939727(14),III:8004384(1)"	66.1931	476.315	0	0	0	47	9174.425532	53.97507095	
NIC1799	ambiguous	6	"III:6067368(1),III:7851488(1)"	71.2675	424.7602	0	0	1	45	120931.1778	741666.0222	
NIC1800	ambiguous	3	III:9010848(1)	68.0964	189.2024	0	0	0	36	260062.8889	1034654.579	
NIC1801	plugging	5	"III:4816965(2),III:5782971(1)"	61.4548	311.0902	0	0	0	26	9128.769231	44.91728097	
NIC1802	plugging	8	"III:1452588(2),III:3105418(9),III:4307707(1),III:6669455(10),III:7212258(1),III:13159669(1)"	67.5428	516.4946	0	0	0	32	9137.40625	45.83384351	
NIC1803	ambiguous	5	"III:1452380(9),III:5752663(8),III:6130178(1),III:6684506(3),III:12745733(9)"	61.8979	284.2724	0	0	1	41	77128.87805	429974.9154	
NIC1804	ambiguous	4	"III:1452951(1),III:5753056(1),III:12745723(2)"	21.9197	92.354	0	0	0	4	9123.5	34.5	
NIC1805	plugging	4	"III:1453116(10),III:2430845(1),III:5752507(9),III:12745771(5)"	69.1962	308.6172	0	0	1	60	9125.583333	50.73010009	
NIC1806	plugging	2	"III:5165996(1),III:9911747(2),III:12501263(1)"	83.0177	198.4038	0	0	1	36	9144.277778	58.6674295	
NIC1807	ambiguous	2		21.7503	51.4458	0	0	0	2	9072	0	
NIC1808	plugging	4	"III:5355497(1),III:6776295(1),III:7829231(1),III:9031746(1),III:9543692(1),III:10226865(4),III:10600990(11),III:11622497(1)"	69.5896	253.5884	0	0	0	29	9153.241379	44.81814224	
NIC1809	plugging	9	"III:1288825(1),III:1452596(6),III:4427910(2),III:5752546(10),III:11071871(1),III:12745736(8)"	92.8043	857.1166	0	0	1	49	9139.326531	41.86488849	
NIC1810	plugging	3	III:3581624(3)	55.1843	190.6566	0	0	6	37	9148.972973	38.57214125	
NIC1811	plugging	7	"III:1452593(6),III:5752544(15),III:12745762(7)"	49.4097	339.4906	0	0	5	32	9144.25	62.67276123	
NIC1812	ambiguous	7	"III:4554011(1),III:5752677(6),III:7305406(1),III:10227292(4)"	62.9044	425.6378	0	0	1	28	37585.25	147777.5737	
NIC1832	ambiguous	5	"III:7167953(3),III:8650916(10),III:12188267(1)"	89.9152	409.9946	0	0	1	48	187278.9583	1221315.766	
NIC195	plugging	2		50.1228	119.1252	0	0	0	18	9117.722222	45.012104	
NIC196	plugging	3		52.2933	132.4422	0	0	0	31	9117.83871	43.63639852	
NIC1977	plugging	1		21.5588	14.1994	0	0	0	7	9112.428571	8.599952539	
NIC197	plugging	2		47.3492	116.7008	0	0	0	17	9110.764706	30.43513722	
NIC1980	plugging	1		33.8856	25.3534	0	0	0	10	9118.3	32.50861424	
NIC1985	plugging	1		38.6094	30.8472	0	0	0	7	9138.571429	25.09329531	
NIC198	plugging	3		34.2523	90.546	0	0	0	20	9151.3	45.44898239	
NIC199	plugging	3	III:10239847(3)	50.3418	150.6578	0	0	1	27	9128.592593	49.21175654	
NIC1	plugging	7	"III:2931907(3),III:8988037(2)"	46.4687	324.3482	0	0	0	29	9147.137931	59.80584918	
NIC2002	ambiguous	0		31.4377	12.6104	0	0	0	2	9100	34	
NIC2004	ambiguous	0		21.7033	10.331	0	0	0	3	812881.6667	1136701.964	
NIC200	plugging	3	III:10239755(3)	50.932	157.0974	0	0	0	29	9125.034483	37.03910586	
NIC2011	ambiguous	1		28.9874	16.7846	0	0	1	2	9064	0	
NIC2021	plugging	2		23.6774	51.037	0	0	0	11	9150	52.64633286	
NIC2030	plugging	3		30.3419	86.6174	0	0	0	11	9146.909091	29.0812484	
NIC2035	plugging	3		24.1898	62.0698	0	0	0	6	9126.166667	37.38723787	
NIC2040	plugging	2		26.2213	58.568	0	0	0	5	9131.4	30.75451186	
NIC2043	ambiguous	2		15.5444	32.7958	0	0	0	3	9126	21.21320344	
NIC2046	ambiguous	2	III:8247200(1)	30.0243	62.506	0	0	0	9	136821	361155.4975	
NIC2053	ambiguous	2		15.8021	37.63	0	0	1	8	103794.125	250497.4219	
NIC2061	ambiguous	1		28.3877	19.0512	0	0	0	7	1179861.714	2867629.598	
NIC2065	ambiguous	2		25.3027	56.1634	0	0	0	4	9114.25	47.21427221	
NIC2071	ambiguous	2		28.8068	63.2258	0	0	0	3	1241057.667	1742200.329	
NIC2076	ambiguous	2		36.6549	85.4236	0	0	0	4	9170	0	
NIC207	nonplugging	6	III:5752603(7)	54.4027	316.1518	38	0	0	0	0	0	
NIC2084	plugging	2		24.0166	48.9864	0	0	0	7	9150.428571	39.55414785	
NIC2085	plugging	3		29.3666	75.4874	0	0	0	5	9150.6	33.57141641	
NIC2086	ambiguous	5		20.7756	101.0648	0	0	0	1	8998	0	
NIC2088	ambiguous	5		18.4947	88.6438	0	0	0	0	0	0	
NIC2099	nonplugging	2	"III:1201292(1),III:2464502(2),III:11725113(1)"	20.8406	41.066	13	0	0	0	0	0	
NIC2101	nonplugging	2		19.5408	36.1488	6	0	0	2	3759163.5	542404.5	
NIC2102	ambiguous	6	"III:1756825(1),III:2777092(1)"	20.3833	120.093	0	0	1	1	5428104	0	
NIC2104	ambiguous	5		15.8441	71.9828	0	0	0	0	0	0	
NIC2105	ambiguous	5	III:10227584(1)	17.6738	83.3882	0	0	1	0	0	0	
NIC2106	ambiguous	4	"III:354243(1),III:5752566(1)"	15.4932	68.706	0	0	0	0	0	0	
NIC2108	ambiguous	4	"III:4018416(1),III:4848608(1),III:10556620(1),III:11812298(1)"	16.0853	70.0944	0	0	0	0	0	0	
NIC2110	ambiguous	5	"III:10226448(1),III:12267912(1)"	14.9421	69.7488	0	0	0	0	0	0	
NIC2115	nonplugging	1	"III:8042988(2),III:13512398(1)"	17.4452	17.9266	9	0	0	0	0	0	
NIC2116	nonplugging	1		18.7362	17.0864	13	0	0	0	0	0	
NIC2117	nonplugging	1	III:2703051(1)	19.4325	20.2432	6	0	0	0	0	0	
NIC2118	ambiguous	1	III:10320015(2)	19.6158	22.0226	0	0	0	3	714422	997522.6073	
NIC2120	nonplugging	2		18.0305	27.7434	5	0	0	0	0	0	
NIC2121	ambiguous	2		15.7744	34.1814	0	0	0	2	1944629	1935585	
NIC2125	ambiguous	3		13.3364	33.363	0	0	0	0	0	0	
NIC2126	ambiguous	4	III:10226459(1)	20.5156	75.028	0	0	0	0	0	0	
NIC2127	ambiguous	3	III:6809897(1)	24.8243	75.0428	0	0	0	2	9046.5	13.5	
NIC2128	ambiguous	5	III:8914881(3)	15.8925	78.0882	0	0	0	0	0	0	
NIC2129	ambiguous	5	"III:8914867(2),III:10226536(1)"	23.7222	110.723	0	0	1	0	0	0	
NIC2130	ambiguous	2		17.1634	27.595	0	0	0	2	9080	0	
NIC2131	ambiguous	1		23.201	31.7	0	0	0	0	0	0	
NIC2132	ambiguous	0		23.2318	10.3864	0	0	0	1	9054	0	
NIC2153	plugging	2		25.7125	61.384	0	0	0	5	9111.6	20.8	
NIC2162	ambiguous	2		17.0381	36.2854	0	0	0	1	9066	0	
NIC2167	ambiguous	2		21.1202	49.557	0	0	0	0	0	0	
NIC2170	ambiguous	0		18.6861	6.9282	0	0	0	0	0	0	
NIC2201	ambiguous	1		19.3757	11.2798	0	0	0	0	0	0	
NIC2206	ambiguous	0		33.7889	13.9974	0	0	0	0	0	0	
NIC231	plugging	1		49.2869	27.6164	0	0	0	24	9122.625	42.52823817	
NIC232	plugging	1		95.6669	59.4354	0	0	0	69	9111.130435	43.1565781	
NIC236	plugging	6	"III:5752600(11),III:10226625(2)"	38.3314	231.5828	0	0	0	31	9145	46.25525254	
NIC237	plugging	7	"III:5752602(13),III:10226736(6)"	48.078	358.3238	0	0	0	39	9120.692308	51.76582074	
NIC242	nonplugging	5		48.1498	242.8156	83	0	7	0	0	0	
NIC251	plugging	1		52.5174	73.808	0	0	2	47	9230.382979	68.9349225	
NIC2523	ambiguous	8	"III:5752841(1),III:7965569(1),III:10226938(4)"	44.2174	360.53	0	0	0	7	637388.5714	1538969.265	
NIC2524	ambiguous	4	"III:5752630(6),III:10226809(1)"	48.6835	204.048	0	0	2	2	9094.5	18.5	
NIC2525	ambiguous	9	"III:5752591(2),III:6023382(1),III:6321222(1),III:10226988(2)"	32.2302	280.1738	0	0	2	1	9066	0	
NIC2528	ambiguous	9	"III:2142252(2),III:2185543(1),III:3851948(1),III:10227632(1)"	47.6802	434.3722	0	0	1	11	547012.6364	1701028.797	
NIC2529	plugging	9	"III:5752570(5),III:6156253(1),III:9376996(1),III:10238529(1)"	78.5176	681.9028	0	0	3	20	9116.85	37.11909886	
NIC252	ambiguous	1	III:985336(1)	74.339	72.4052	0	0	0	64	117703.1875	861294.9633	
NIC2530	ambiguous	9	"III:351407(1),III:1908547(1),III:5752645(4),III:10227684(1)"	45.1555	416.4312	0	0	1	7	348020.2857	572808.9833	
NIC2531	ambiguous	8	"III:3250729(1),III:5752570(2),III:10845659(1)"	73.069	616.031	0	0	0	16	561806.5625	1413504.922	
NIC2532	ambiguous	9	"III:5752719(3),III:8755293(2),III:10226536(1)"	29.3793	264.5074	0	0	0	4	1164704.5	2001610.163	
NIC2533	ambiguous	9	"III:3651272(1),III:3680735(1),III:3879420(1),III:5136701(1),III:5749480(4),III:6218230(1),III:6924661(1),III:10227272(1),III:11654467(1)"	68.8679	586.5408	0	0	1	18	394944.8889	1590801.621	
NIC2534	plugging	9	"III:728179(1),III:805164(1),III:1908547(1),III:5752944(6),III:6321675(1),III:7911919(3),III:10226536(1)"	84.1505	717.73	0	0	2	13	9115.461538	28.28594482	
NIC2535	ambiguous	9	"III:3487358(1),III:5751838(4),III:6268621(2),III:10226882(2)"	42.0479	360.3326	0	0	4	3	9122	38.18376618	
NIC2536	plugging	9	"III:4454222(1),III:5752721(7),III:6585024(1),III:10227070(4),III:12072577(1)"	62.9178	541.1262	0	0	4	12	9104.5	26.80640471	
NIC2537	plugging	9	"III:1908547(2),III:8276997(1),III:10227000(7)"	58.1516	527.4042	0	0	4	8	9084	19.71674415	
NIC2538	ambiguous	9	"III:4184675(1),III:4903914(1),III:5752533(4),III:7018327(2),III:10227586(1),III:12390624(1)"	73.9648	639.9624	0	0	3	4	9119	4.358898944	
NIC2539	ambiguous	8	"III:1884226(1),III:4153982(2),III:5752544(9),III:9589582(1),III:10226786(1)"	43.8392	360.161	0	0	1	8	1818568.625	3134080.335	
NIC2540	ambiguous	8	"III:5748293(3),III:6440305(3),III:10140381(1),III:13466760(1)"	32.7013	254.305	0	0	1	1	9123	0	
NIC2541	plugging	9	"III:1908545(5),III:2171996(1),III:2286060(1),III:5750545(7),III:10227356(1)"	83.5008	754.4962	0	0	2	16	9122.5	40.02186902	
NIC2542	plugging	9	"III:484533(1),III:3334530(1),III:4454413(2),III:5752429(5),III:8253471(1),III:10226864(1)"	57.1616	523.0018	0	0	0	11	9087.818182	36.77651964	
NIC2553	plugging	2		97.9166	178.6128	0	0	0	106	9177.688679	55.54046005	
NIC2554	plugging	2		71.0799	108.221	0	0	1	39	9165.974359	56.04644923	
NIC2555	plugging	1		26.3777	20.4548	0	0	0	8	9115.75	38.33976395	
NIC2556	plugging	2		30.0625	74.8148	0	0	4	13	9123	30.89685072	
NIC2557	plugging	3		29.6474	80.4402	0	0	0	10	9116.7	53.0057544	
NIC2558	ambiguous	3	"III:1908546(1),III:8373507(1),III:13522312(1),III:13556092(1)"	95.368	285.2066	0	0	8	47	438323.9362	1407316.992	
NIC2559	plugging	1		79.4886	68.6912	0	0	0	67	9171.597015	47.46689646	
NIC255	ambiguous	1		70.6339	63.8938	70	0	4	9	6954615.111	210.9588925	
NIC2560	ambiguous	2		32.6358	56.905	0	0	0	11	461553.9091	1430758.01	
NIC2561	ambiguous	3		42.3112	138.8516	0	0	2	31	169693.0645	879176.3055	
NIC2562	plugging	1		55.3832	36.4816	0	0	0	33	9179.666667	45.91670104	
NIC2563	ambiguous	6	"III:2139269(1),III:2972029(1),III:5751425(6),III:10226537(4)"	33.9826	190.9718	0	0	1	3	3949860.667	2911571.821	
NIC2564	ambiguous	2	"III:1908547(1),III:13082936(1)"	64.9908	102.0106	0	0	0	37	97865.56757	532242.2444	
NIC2565	ambiguous	2		64.0309	118.6518	23	0	8	42	529762.9286	1682175.154	
NIC2566	plugging	7	"III:1908547(1),III:4098702(18),III:5752483(6),III:6115584(3),III:8539926(1),III:10226998(4),III:13478951(1)"	51.9979	365.3398	0	0	0	23	9165.26087	58.94007081	
NIC2567	ambiguous	6	"III:1744521(1),III:1906062(5),III:5752503(16),III:10226586(13),III:10550290(1)"	104.0667	596.0884	0	0	1	81	51158.71605	269655.4637	
NIC2568	nonplugging	2	"III:1908547(1),III:8847943(1)"	77.5809	185.6666	172	0	0	2	2526639	2517194	
NIC2569	nonplugging	2		108.8813	248.6448	212	0	1	2	3342674	0	
NIC256	plugging	7	"III:5752477(12),III:10227410(3),III:12222447(1)"	35.4272	248.576	0	0	3	31	9220.548387	73.02312436	
NIC2570	ambiguous	8	"III:2022776(1),III:3877470(1),III:4098746(17),III:4175197(1),III:5752376(7),III:5815633(2),III:6400538(1),III:7647624(1),III:10226933(1),III:13233583(1)"	41.4747	317.6294	0	0	1	33	193108.5455	867715.1747	
NIC2571	plugging	6	"III:1908547(2),III:2558306(2),III:4516078(1),III:5752329(11),III:10226482(11),III:10352415(1)"	67.7195	407.9022	0	0	2	49	9159.530612	60.50943662	
NIC2572	plugging	6	"III:598989(1),III:3812728(1),III:5002023(1),III:5373504(1),III:5752537(11),III:10225491(8)"	43.1539	242.7808	0	0	1	32	9140.125	49.62027685	
NIC2573	ambiguous	2		75.7556	118.6834	0	0	0	59	93518.59322	642314.4909	
NIC2574	plugging	6	"III:392554(1),III:1908547(2),III:4098746(17),III:4370022(2),III:5752642(12),III:6411794(1),III:7283759(2),III:8199765(1),III:8813680(2),III:11299548(1)"	79.817	494.3784	0	0	3	34	9142.647059	56.81801824	
NIC2575	ambiguous	7	"III:1908547(1),III:4098719(2),III:5752567(3),III:10226283(1)"	26.6354	186.6862	0	0	1	8	631152.875	1645839.92	
NIC2576	ambiguous	2		66.2245	108.1046	63	0	1	12	676527	2213484.029	
NIC2577	plugging	6	"III:1908547(1),III:3894147(1),III:4996758(1),III:5752502(2),III:6238834(2),III:6288272(1),III:9351477(1),III:10226383(7)"	54.0876	314.3944	0	0	2	23	9125.173913	43.44076644	
NIC258	plugging	4	"III:5752528(16),III:10226372(1),III:12222349(8)"	62.8927	258.8268	0	0	3	49	9258.959184	72.9942573	
NIC259	plugging	6	III:10227100(19)	75.1886	477.0402	0	0	6	80	9240.4375	85.01350536	
NIC260	plugging	6	"III:5752504(31),III:10226882(15),III:12222362(16)"	122.8743	766.5822	0	0	9	126	9225.198413	82.44064915	
NIC261	plugging	6	"III:5752534(17),III:10226923(13),III:12222381(6),III:13480290(26)"	66.3364	431.0492	0	0	2	65	9278.953846	78.52337835	
NIC262	plugging	5	"III:5752532(17),III:10227450(1),III:12222348(5)"	78.109	366.7526	2	0	82	46	9233.413043	78.00461973	
NIC263	plugging	6	"III:5752535(13),III:10226864(1),III:12222471(2)"	37.2219	219.4288	0	0	3	23	9225.695652	68.02457023	
NIC265	plugging	2		84.7318	143.9358	0	0	1	59	9192.813559	49.85486549	
NIC266	nonplugging	2		44.902	81.0912	39	0	0	0	0	0	
NIC267	plugging	1		66.8489	45.9098	0	0	0	57	9219.157895	66.73902813	
NIC268	plugging	1		53.1219	37.0898	0	0	0	35	9199.085714	56.09398818	
NIC269	plugging	5	III:5752517(16)	74.5635	393.1766	0	0	6	52	9234.961538	85.50662627	
NIC270	plugging	1		51.3194	37.732	0	0	0	45	9206.311111	85.55045872	
NIC271	plugging	6	"III:5752523(17),III:10227444(1),III:12222367(4)"	51.8332	306.77	0	0	2	63	9216.460317	66.32072754	
NIC272	plugging	6	"III:1300996(2),III:5752547(16),III:10226817(9)"	58.3484	326.3626	0	0	1	52	9231.038462	70.48212036	
NIC273	plugging	6	"III:1300699(4),III:5752510(11),III:10226943(3)"	37.9656	210.358	0	0	6	35	9254.171429	89.27693214	
NIC274	plugging	6	"III:5752521(16),III:10226965(10),III:13372299(16)"	71.3987	420.2954	0	0	7	48	9211.895833	51.01071766	
NIC275	plugging	7	III:5752527(28)	91.62	648.1396	0	0	12	108	9238.472222	82.08165067	
NIC276	plugging	4	"III:1300420(1),III:5752539(18),III:10227028(9)"	67.3479	299.185	0	0	3	54	9217.851852	72.5285148	
NIC277	plugging	1		51.5288	34.8882	0	0	3	46	9232.326087	72.25229178	
NIC2	nonplugging	1		51.136	48.1116	53	0	0	0	0	0	
NIC3	plugging	2		41.4558	69.8502	0	0	0	44	9152.181818	48.4023256	
NIC4	plugging	2		28.5974	51.0768	0	0	0	27	9171.444444	61.68818443	
NIC501	plugging	6		50.722	284.961	0	0	4	33	9248.515152	164.434775	
NIC508	plugging	1		64.9094	35.0622	0	0	1	48	9225.583333	67.43139518	
NIC511	nonplugging	2		80.3256	147.3	110	0	1	1	6125735	0	
NIC512	plugging	1		69.1683	43.77	0	0	0	53	9192.830189	64.28261182	
NIC513	plugging	5	"III:5752528(41),III:10226993(26)"	121.3065	564.259	0	0	5	91	9215.351648	57.80535236	
NIC514	plugging	5	"III:1103976(5),III:5752513(21),III:10227195(11)"	65.0691	316.548	0	0	12	41	9278.682927	78.45192377	
NIC515	plugging	1		60.7949	87.5726	0	0	4	45	9231.377778	67.11922688	
NIC521	plugging	3		51.8841	174.2588	0	0	5	58	9262.87931	94.79307366	
NIC522	plugging	3		59.3602	189.6828	0	0	5	54	9212.407407	55.40340895	
NIC523	plugging	3	"III:3589607(13),III:3770533(1)"	78.2985	237.2432	0	0	6	55	9269.890909	203.4748743	
NIC526	plugging	2	III:7154982(11)	49.2561	113.6648	0	0	2	28	9238.178571	145.5990222	
NIC527	plugging	3		50.769	165.4914	0	0	6	34	9212.823529	69.58383458	
NIC528	plugging	3		121.283	320.2268	0	0	13	99	9261.878788	111.8565344	
NIC529	plugging	5	III:10226990(14)	66.2589	337.9276	0	0	1	34	9245.558824	82.85465345	
OAR137	ambiguous	1	III:7155159(2)	18.7294	24.82	0	0	1	1	3777736	0	
PB303	plugging	0		44.8764	18.7828	0	0	0	20	9142.95	38.10836522	
PS2025	plugging	3	III:13554297(6)	52.7727	180.6938	0	0	0	23	9117.73913	60.07112986	
PX179	nonplugging	5		38.1698	203.718	48	0	0	0	0	0	
QG2075	plugging	4		74.9789	336.8846	1	0	4	59	9238.59322	83.84127834	
QG2810	nonplugging	2		51.1193	113.1048	99	0	1	1	2340133	0	
QG2811	nonplugging	2		53.6692	115.5224	91	0	1	0	0	0	
QG2812	plugging	1		42.6027	24.8104	0	0	0	25	9250.12	93.73422854	
QG2813	plugging	1		43.594	29.1744	0	0	0	39	9272.410256	182.9002415	
QG2818	plugging	1		48.8429	26.2798	0	0	0	36	9281.583333	157.2772455	
QG2823	plugging	7	"III:3436802(1),III:5531725(1),III:5752484(8),III:5873445(12),III:10226931(8)"	46.9065	343.0306	0	0	4	40	9262.275	87.0583102	
QG2824	plugging	8	"III:5752495(15),III:10226721(6)"	46.5784	372.7848	0	0	2	29	9301.827586	133.1830653	
QG2825	plugging	5	"III:4708018(1),III:5357072(1),III:5752487(8),III:5873287(3),III:10226703(9),III:11900961(1)"	45.2056	239.4236	0	0	0	38	9331.236842	168.1056113	
QG2826	plugging	7	"III:4316717(1),III:5707059(1),III:5752513(10),III:5873429(12),III:6632965(1),III:10227032(6)"	47.5383	323.6782	0	0	3	27	9246.037037	133.629527	
QG2827	ambiguous	2		49.4859	106.7584	0	0	1	38	52768.86842	264544.8416	
QG2828	plugging	3	III:7154813(1)	39.1682	122.458	0	0	4	37	9311.189189	151.4399065	
QG2829	plugging	2		48.1043	103.3396	0	0	0	35	9283.942857	154.9528855	
QG2830	plugging	5	III:10841428(3)	47.9956	250.4278	0	0	2	42	9260.47619	115.7847424	
QG2831	plugging	5	III:10841354(7)	46.5805	230.8838	0	0	0	30	9233.266667	107.024587	
QG2832	plugging	5	"III:10841431(13),III:12663488(1)"	50.1157	239.2386	0	0	4	38	9292.5	162.4478459	
QG2833	plugging	5	"III:678621(1),III:10841360(5),III:11906093(1)"	45.3384	232.0942	0	0	3	45	9300.044444	125.9814723	
QG2834	plugging	7	"III:2439353(5),III:5752495(11),III:5873467(10),III:10227115(3),III:10505056(1)"	41.9908	284.5932	0	0	0	40	9305.95	193.2713054	
QG2835	plugging	6	"III:2439359(11),III:5752461(15),III:5873404(11),III:10227060(6)"	51.9412	315.7252	0	0	4	21	9255.333333	114.100763	
QG2836	plugging	11	"III:1549188(1),III:5752524(8),III:5873405(10),III:10226958(5)"	43.6156	463.6012	0	0	8	63	9288.269841	132.785327	
QG2837	plugging	4	III:10841439(6)	53.5324	233.6152	0	0	4	59	9310.440678	139.9461484	
QG2838	plugging	2	III:8819090(1)	56.4169	110.9132	0	0	1	50	9335.48	132.32766	
QG2839	plugging	1		48.6423	33.3936	0	0	0	45	9363.311111	163.5997585	
QG2840	plugging	1		40.9639	26.151	0	0	0	33	9318.787879	144.5670145	
QG2841	plugging	1	III:13554172(1)	49.7027	35.4016	0	0	0	43	9340.883721	198.4921309	
QG2842	plugging	0		43.7157	21.2648	0	0	0	30	9245.6	83.52428788	
QG2843	plugging	1		43.9362	26.5632	0	0	0	37	9227.621622	105.0066539	
QG2844	plugging	2		44.444	86.1412	0	0	2	47	9247.085106	126.9006698	
QG2845	plugging	2		39.4751	73.4826	0	0	0	24	9254.333333	173.0261701	
QG2846	plugging	2		50.0706	90.6226	0	0	3	49	9278.693878	114.0157891	
QG2850	ambiguous	1		48.342	28.3902	0	0	0	34	15020.23529	32996.77949	
QG2851	plugging	0		48.4203	20.03	0	0	0	24	9245.833333	136.3190702	
QG2852	plugging	1		40.6299	28.2786	0	0	0	37	9368.540541	154.5725745	
QG2853	plugging	1		43.301	22.8772	0	0	0	30	9328.933333	136.6167226	
QG2854	plugging	1		53.2101	39.1712	0	0	0	48	9276.833333	146.0174552	
QG2855	plugging	1		46.6426	30.413	0	0	0	38	9199.578947	94.50275172	
QG2856	plugging	1		46.4287	35.4466	0	0	0	51	9292.098039	165.6319159	
QG2857	plugging	1		41.195	30.32	0	0	0	26	9245.576923	138.7893182	
QG2858	plugging	1		50.558	37.7704	0	0	0	48	9270.770833	145.3283982	
QG2859	ambiguous	1		41.2129	26.9664	0	0	0	33	50916.93939	235239.651	
QG2872	plugging	1		50.5175	26.399	0	0	0	31	9280.290323	167.0889648	
QG2873	plugging	0		49.5007	23.4454	0	0	0	24	9241.083333	200.594308	
QG2874	plugging	1		42.5666	34.4954	0	0	0	56	9250.464286	107.364194	
QG2875	plugging	5	"III:6478759(1),III:9646988(13),III:12989605(10)"	54.6891	273.9922	0	0	7	44	9289.136364	151.708541	
QG2876	plugging	5	"III:6100475(1),III:7754242(1),III:9647046(18),III:12989636(6)"	41.1527	200.7822	0	0	2	46	9280.173913	124.4361726	
QG2877	plugging	3	"III:1302733(1),III:10202378(9),III:10227103(6)"	52.277	138.7684	0	0	1	43	9285.302326	126.7402645	
QG2878	plugging	2	"III:10202406(13),III:10226888(5)"	48.0159	112.2564	0	0	0	37	9296.054054	177.2594595	
QG2927	plugging	1		47.6555	28.7684	0	0	0	39	9292.846154	142.7370792	
QG2928	plugging	1		26.2643	17.3152	0	0	0	22	9264.681818	146.1190008	
QG2931	plugging	1		48.3597	28.795	0	0	0	35	9321.942857	137.4402609	
QG2932	plugging	1		49.6399	35.4228	0	0	0	49	9336.632653	162.7656001	
QG4003	nonplugging	1	III:8847908(3)	73.4674	73.4576	118	0	0	0	0	0	
QG4004	nonplugging	1		52.5642	58.7104	74	0	0	0	0	0	
QG4005	plugging	1		72.9193	40.3878	0	0	0	36	9159.027778	49.54710784	
QG4006	plugging	1		69.7722	57.5424	0	0	0	49	9149.693878	46.76306064	
QG4007	ambiguous	0		20.8554	7.7492	0	0	0	2	9078	0	
QG4008	ambiguous	1		88.1119	52.2206	0	0	0	52	79596.07692	503204.6422	
QG4009	plugging	1		74.272	43.972	0	0	0	50	9136.8	38.96562588	
QG4010	plugging	7	"III:3304038(1),III:4938769(10),III:5752525(28),III:8920633(1),III:10226811(8),III:10727891(2),III:11012376(1),III:12538221(10)"	111.8008	813.1994	0	0	0	62	9134	52.3804322	
QG4011	plugging	5	"III:7155034(7),III:9287445(3)"	65.9936	353.2278	0	0	0	27	9160.962963	42.70699611	
QG4012	plugging	6	"III:665439(2),III:6035319(1),III:7155100(18),III:9813947(1)"	65.9977	379.394	0	0	0	30	9134.5	35.52628135	
QG4014	plugging	7	"III:4938839(13),III:5752531(10),III:9800520(1),III:10226651(3),III:12538221(3)"	72.5546	533.8728	0	0	3	48	9158.125	47.68106936	
QG4015	plugging	3	III:7155141(10)	62.3064	160.9628	0	0	1	30	9162.666667	48.52925807	
QG4016	plugging	3	"III:2086281(1),III:7154819(15)"	56.1754	148.199	0	0	0	26	9143.346154	47.05066198	
QG4017	plugging	2	"III:2501557(1),III:7155040(22),III:11936883(1)"	94.8948	178.1464	0	0	0	50	9143.86	39.15661375	
QG4018	plugging	5	"III:676440(1),III:7082443(1),III:12538225(5),III:13354228(1)"	65.1653	321.1212	0	0	0	43	9156.627907	45.82272375	
QG4019	plugging	8	"III:2423352(1),III:4939066(16),III:5752534(14),III:10226700(3),III:10774632(1),III:12538133(11)"	81.2522	667.8298	0	0	0	34	9152.911765	43.40531795	
QG4021	plugging	1		64.7112	43.745	0	0	0	45	9139.444444	45.80419949	
QG4076	ambiguous	0		31.0876	12.7092	0	0	0	12	859556.75	2170227.468	
QG4077	ambiguous	0		27.3929	9.745	0	0	0	8	1050257.25	1829567.293	
QG4078	plugging	0		40.8091	19.4254	0	0	0	13	9122.923077	28.89093959	
QG4079	plugging	0		47.0121	21.9822	0	0	0	10	9109.2	27.79856111	
QG4080	ambiguous	1		56.2516	33.9	0	0	0	22	60805.59091	236918.6003	
QG4103	ambiguous	1	III:7595867(4)	43.6979	39.6582	0	0	0	9	551844.7778	1534908.283	
QG4134	plugging	2	III:7155092(3)	42.2011	97.1114	0	0	0	10	9106.8	41.98047165	
QG4135	plugging	2	III:7154469(4)	42.6651	69.3514	0	0	0	19	9110.105263	36.84804463	
QG4137	plugging	6	"III:4938885(4),III:5752534(1),III:10227193(3),III:12537985(1)"	33.7284	216.8092	0	0	1	16	9105.375	43.90881888	
QG4138	plugging	6	"III:63947(1),III:4938828(5),III:5752554(1),III:10226590(3),III:12538140(2),III:13160992(1)"	41.8321	255.7956	0	0	1	10	9124.6	29.5641675	
QG4139	plugging	6	"III:227906(1),III:4939079(5),III:5752152(4),III:7176725(1),III:10226882(3),III:12538219(1)"	35.9317	224.544	0	0	0	8	9113.375	26.20561724	
QG4147	plugging	3	III:7155076(11)	38.387	100.9902	0	0	0	29	9120.896552	44.6583543	
QG4151	plugging	2	"III:311364(1),III:7155043(12)"	47.7402	81.3136	0	0	0	24	9099.875	35.88443546	
QG4158	plugging	3	"III:4143801(1),III:7155038(8),III:12175593(1)"	29.3675	88.4002	0	0	0	11	9103.272727	38.29334362	
QG4159	plugging	3	III:7154918(15)	43.7422	109.575	0	0	1	15	9118	39.48670662	
QG4160	plugging	3	"III:3764633(1),III:7155159(2),III:8236181(1),III:8634943(1)"	35.9104	95.1436	0	0	0	16	9091.6875	19.1954381	
QG4161	plugging	3	III:7155107(5)	32.6321	81.9546	0	0	0	14	9100.642857	31.54273098	
QG4162	plugging	2	"III:7154179(4),III:7587924(1)"	31.4734	51.543	0	0	1	11	9114.545455	41.74024358	
QG4163	plugging	2	III:7155079(4)	33.6494	51.9574	0	0	0	10	9091.9	32.90729402	
QG4166	ambiguous	1	"III:1247649(1),III:2762151(1),III:7154788(6)"	31.2872	44.8632	0	0	0	8	388230.125	1003003.142	
QG4177	ambiguous	5	"III:255407(3),III:7155131(3)"	22.4052	118.8706	0	0	0	2	9076.5	9.5	
QG4182	ambiguous	7	"III:4106431(1),III:4938848(7),III:5752567(5),III:5835148(1),III:12537116(3)"	46.8515	348.4796	0	0	0	18	192533	756216.3779	
QG4184	plugging	7	"III:4938755(3),III:5752526(5),III:6440072(1),III:7814776(1),III:10227192(1),III:12538077(4)"	33.9444	247.55	0	0	0	10	9083.4	14.29825164	
QG4185	plugging	8	"III:4629274(1),III:4939013(3),III:5752403(4),III:9191199(1),III:10226756(1),III:12538219(1)"	31.7864	246.3362	0	0	1	9	9106.222222	21.15959345	
QG4186	plugging	7	"III:4627787(1),III:4938761(7),III:5752556(5),III:6556008(1),III:9936368(1),III:10227438(2),III:12538219(3)"	44.8239	304.9416	0	0	2	11	9109.818182	21.77495718	
QG4193	plugging	0		51.753	23.6954	0	0	0	16	9103.6875	42.68155156	
QG4194	plugging	1		29.6892	16.4908	0	0	0	12	9101.833333	42.62986694	
QG4226	ambiguous	1	"III:660082(1),III:7155085(4)"	38.2832	56.1762	0	0	0	8	791870.625	2070941.193	
QG4228	plugging	3	III:9003702(1)	30.8221	106.5546	0	0	0	5	9155.8	32.82316255	
QG536	plugging	6	III:962907(5)	53.31	296.2352	0	0	1	32	9113.4375	41.5541345	
QG537	plugging	6	"III:945534(1),III:962901(2)"	58.912	360.842	0	0	0	39	9135.076923	67.76822666	
QG538	plugging	6	III:962869(2)	40.2694	231.9828	0	0	0	18	9141.166667	59.75900676	
QG556	plugging	5	III:13554334(5)	61.2588	287.445	0	0	0	36	9110.583333	37.38417297	
QG557	plugging	1	III:317426(6)	68.9919	78.373	0	0	0	60	9121.833333	34.52495072	
QG558	plugging	5	III:13554315(5)	38.2248	191.0664	0	0	0	20	9115.75	32.23953319	
QW947	plugging	1		46.3389	35.292	0	0	0	33	9204.909091	66.18906054	
QX1211	plugging	1	III:13160665(4)	71.8427	43.1336	0	0	0	42	9108.761905	40.31826333	
QX1212	plugging	3		54.8113	155.6518	0	0	0	45	9146.466667	45.44574299	
QX1213	plugging	3		56.6885	153.16	0	0	0	28	9111.75	49.37945278	
QX1214	plugging	2		43.3527	104.234	0	0	0	19	9129.421053	44.54012477	
QX1215	plugging	1	III:13160654(2)	62.7204	47.1168	0	0	1	52	9132.826923	56.64115151	
QX1216	plugging	0		60.4295	28.6032	0	0	0	30	9118.6	34.95578159	
QX1233	plugging	3	III:13554321(10)	67.4998	199.3042	2	0	0	42	9155.880952	60.31038858	
QX1791	plugging	5		62.7106	295.7896	0	0	0	47	9112.234043	40.99154701	
QX1792	plugging	3		57.3331	147.0296	0	0	1	25	9140.72	91.41357448	
QX1793	plugging	5	"III:8634924(7),III:10226861(6),III:13554303(4)"	53.2047	280.8838	0	0	0	39	9126.564103	40.07671801	
QX1794	plugging	4	"III:7595941(3),III:13554326(7)"	83.6375	317.4524	0	0	1	34	9120.529412	38.17008013	
RC301	plugging	1		34.8638	18.6988	0	0	0	17	9110.647059	33.22816165	
SSD24	ambiguous	5	"III:387881(1),III:1908546(3),III:4016201(1),III:10177467(1),III:12872649(1)"	67.1185	328.015	0	0	0	31	123303.1935	625152.4198	
SSD25	plugging	5	III:1908547(1)	83.4411	425.0826	0	0	4	77	9191.25974	55.3666416	
SSD26	ambiguous	5	III:4476851(2)	39.3973	198.0258	0	0	0	14	1154300.786	2250730.715	
SSD27	plugging	5	"III:1908547(2),III:7935601(1),III:9444219(2)"	72.243	329.712	0	0	0	33	9165.181818	60.17875118	
SSD28	plugging	5	III:13160690(1)	31.2232	148.7206	0	0	0	24	9166.833333	60.78559771	
SSD29	ambiguous	5	"III:1908546(2),III:2961705(1),III:6802465(1),III:12573302(1)"	92.6603	470.9954	0	0	1	49	313842.5306	1192978.864	
SSD30	ambiguous	5	"III:3121313(1),III:6600718(1)"	42.3111	229.8846	0	0	0	37	143655.9189	806883.5146	
SSD31	ambiguous	6	"III:1908546(2),III:6505310(1),III:10409432(1)"	65.6072	389.103	0	0	1	69	112367.8261	850957.6069	
SSD32	ambiguous	5	"III:1908546(1),III:7153630(1)"	80.7338	420.617	0	0	2	64	18249.21875	71923.61472	
SSD33	plugging	5	III:1908547(2)	39.7559	213.4662	0	0	0	43	9170.093023	57.90803212	
SSD34	plugging	5		39.551	180.8492	0	0	0	21	9152.047619	38.06320081	
SSD35	plugging	5	III:1908547(2)	42.319	204.0518	0	0	1	28	9190.678571	48.64085112	
SSD36	ambiguous	5		83.9224	398.0186	0	0	2	23	441898.6522	1402225.784	
SSD37	plugging	5		42.8492	218.217	0	0	1	25	9150	60.70914264	
SSD38	plugging	4	"III:3706507(1),III:3877470(1),III:4190730(1)"	45.6673	202.1356	1	0	1	17	9161	70.53910055	
SSD39	plugging	5	"III:188576(1),III:9283465(1),III:12787720(1)"	33.4515	170.7194	0	0	0	20	9143.4	43.90261951	
TWN2530	plugging	2	III:8186350(1)	48.4695	73.5742	0	0	0	9	9140.555556	33.800431	
TWN2542	plugging	2	"III:3770545(1),III:13160787(1)"	69.786	108.4666	0	0	0	22	9154.318182	60.22109745	
TWN2794	plugging	1		60.9272	86.6068	0	0	0	19	9127.473684	36.09106672	
TWN2803	plugging	2		48.9714	85.4682	0	0	0	27	9116.703704	41.28654593	
VJV2	ambiguous	7	"III:5133098(1),III:5752581(2),III:9578537(1),III:10226437(1)"	17.8967	117.702	0	0	0	2	9094	0	
WN2001	plugging	2		34.7934	57.155	0	0	0	13	9104.846154	39.08343374	
WN2002	nonplugging	5		53.7439	255.5096	47	0	1	0	0	0	
WN2010	plugging	1		52.3057	73.8402	0	0	1	24	9145.708333	42.61404225	
WN2011	plugging	2		59.9117	100.4356	0	0	2	38	9113.789474	46.00924272	
WN2013	plugging	2		65.2669	103.08	0	0	0	42	9120.02381	51.50843116	
WN2014	plugging	2		54.7439	89.6256	0	0	6	41	9145.097561	43.75307927	
WN2016	plugging	1		74.5026	105.752	0	0	3	31	9125.677419	46.16267665	
WN2017	plugging	1		60.27	78.511	0	0	1	18	9131.166667	44.09491026	
WN2018	plugging	2		49.4085	75.5276	0	0	1	22	9106.863636	42.22374973	
WN2019	plugging	1		69.6266	101.239	0	0	2	48	9130.25	48.94192988	
WN2020	plugging	1		53.8507	78.4402	0	0	2	29	9109.413793	38.5831098	
WN2021	plugging	1		25.9764	38.9268	0	0	1	17	9129.764706	47.1075483	
WN2022	ambiguous	2	"III:2143161(1),III:10226864(1)"	45.3776	101.5752	0	0	1	11	806585.3636	2521979.565	
WN2023	ambiguous	2	"III:8027645(1),III:10226703(5)"	36.4215	82.3842	0	0	0	4	9111.75	29.44804747	
WN2024	nonplugging	3	"III:1908547(1),III:4126201(1)"	63.6662	165.3668	60	0	1	0	0	0	
WN2025	nonplugging	3	III:6631595(1)	51.4257	133.642	28	0	0	0	0	0	
WN2026	nonplugging	3	"III:1908547(2),III:6718083(1),III:8865077(1),III:13686320(1)"	75.5737	194.8192	66	0	0	1	832792	0	
WN2027	plugging	2	"III:6849154(1),III:10226788(1)"	50.735	103.5896	0	0	0	17	9083.647059	22.0078627	
WN2033	plugging	2		63.6742	103.884	0	0	2	74	9226.445946	59.47294227	
WN2035	plugging	2		56.4372	105.8702	0	0	2	64	9249.015625	47.44322007	
WN2039	plugging	2		93.4874	170.5986	0	0	3	120	9235.041667	51.8469536	
WN2050	plugging	2		66.7839	103.4548	0	0	0	66	9238.939394	48.60380294	
WN2056	plugging	2		72.4339	133.0712	0	0	4	77	9257.415584	59.39114251	
WN2059	nonplugging	3		33.2435	100.7986	79	0	1	0	0	0	
WN2060	nonplugging	3		113.0698	285.115	197	0	13	1	9106	0	
WN2061	ambiguous	1		32.2363	46.8024	0	0	0	4	9104.25	26.50825343	
WN2062	plugging	2		88.2847	144.9682	0	0	4	65	9256.153846	119.7462999	
WN2063	plugging	6	"III:1301359(4),III:5752529(38),III:9424100(1),III:10226960(9)"	119.9505	666.7446	3	0	17	129	9181.604651	82.20219151	
WN2064	plugging	1	III:1301602(1)	118.216	126.4114	2	0	0	188	9206.473404	85.76343227	
WN2065	nonplugging	3		90.0627	254.1064	162	0	7	0	0	0	
WN2066	plugging	3	"III:3467785(2),III:12763865(2)"	102.7809	308.1046	208	0	3	5	9198.6	75.35409743	
WN2067	plugging	2		67.0612	106.1438	2	0	0	60	9194	57.64604641	
WN2068	plugging	2		61.2921	133.1624	1	0	0	47	9175.06383	54.44943165	
WN2069	plugging	3		55.9053	182.2582	0	0	0	62	9188.66129	56.77088746	
WN2070	nonplugging	3		31.9143	82.8486	42	0	0	0	0	0	
WN2071	plugging	2		36.2771	62.5448	0	0	0	8	9107	33.75277766	
WN2073	nonplugging	3		29.4917	86.866	38	0	1	0	0	0	
WN2074	nonplugging	3		35.2922	95.4556	60	0	0	0	0	0	
WN2075	nonplugging	3		50.8401	133.6478	81	0	0	0	0	0	
WN2076	plugging	1		30.0576	25.9314	0	0	0	18	9221.055556	60.09573124	
WN2077	ambiguous	2		22.8451	55.5318	0	0	0	8	1066362.625	2797233.944	
WN2078	nonplugging	2	III:10898949(1)	32.4168	77.3614	17	0	0	0	0	0	
WN2079	nonplugging	3	"III:6490386(1),III:8370263(2),III:12856824(1)"	36.4161	99.359	28	0	0	2	1884585	0	
WN2080	ambiguous	2		33.2347	61.9822	0	0	0	5	700473.8	1382759.6	
WN2081	nonplugging	4	III:2250703(1)	20.3242	85.543	14	0	1	0	0	0	
WN2082	nonplugging	1		28.1081	28.2852	15	0	0	0	0	0	
WN2083	ambiguous	5	"III:4851050(1),III:10227192(1),III:11999421(1)"	22.99	117.834	0	0	0	1	9070	0	
WN2086	plugging	3	III:10227098(7)	28.0927	78.6878	0	0	0	8	9097.875	12.83975759	
WN2088	nonplugging	2	"III:8846937(1),III:9913953(1)"	30.4263	73.985	21	0	0	0	0	0	
WN2089	nonplugging	3	III:10063393(1)	20.5453	58.274	13	0	0	0	0	0	
WN2090	nonplugging	4	III:6962562(1)	30.1343	111.5312	28	0	0	1	7985903	0	
WN2091	nonplugging	1	III:8868662(1)	22.7473	21.4398	23	0	0	0	0	0	
WN2092	plugging	2	III:3751745(1)	22.1525	37.1766	0	0	0	5	9097.6	2.8	
WN2093	ambiguous	2	"III:7852204(1),III:9695987(1)"	20.8186	32.1448	0	0	0	4	9098	8	
WN2095	nonplugging	3		17.0968	49.9504	20	0	0	0	0	0	
WN2096	ambiguous	2		18.9428	29.3002	0	0	0	0	0	0	
WN2097	plugging	2		31.6078	51.9032	0	0	0	8	9118.625	35.69291771	
WN2098	plugging	2		37.0952	63.4736	0	0	0	13	9106.230769	29.58729937	
WN2099	plugging	2		19.5767	33.7864	0	0	1	8	9147.5	42.42935305	
WN2100	ambiguous	2		22.2818	35.98	0	0	0	1	9130	0	
WN2101	nonplugging	1		31.24	35.0062	29	0	0	0	0	0	
WN2102	plugging	2		33.1108	64.4508	0	0	0	14	9112.714286	25.28813548	
WN2103	ambiguous	2	III:10645470(1)	26.3977	55.0126	0	0	0	4	9109.25	45.66385332	
WN2104	plugging	2	III:11745878(1)	41.2769	77.4628	0	0	0	8	9141.25	34.88821434	
WN2105	ambiguous	1		21.3557	12.6712	0	0	0	4	9107.25	22.91696969	
WN2106	nonplugging	1		22.1957	18.9956	21	0	0	0	0	0	
WN2107	nonplugging	1		44.4018	40.7828	50	0	0	0	0	0	
WN2109	plugging	2	III:10226402(1)	28.9543	46.0998	0	0	0	6	9119.5	38.18267495	
WN2110	ambiguous	2		23.5597	51.1794	0	0	0	3	9169.666667	7.542472333	
WN2111	plugging	1		21.7536	15.851	0	0	0	7	9162.428571	42.05050413	
WN2112	plugging	1		22.0509	12.5474	0	0	0	8	9133.125	37.10942434	
WN2113	ambiguous	0		27.0589	7.897	0	0	0	2	552526	543475	
WN2114	plugging	2	III:7653418(1)	34.442	76.5216	0	0	0	24	9131.375	48.90280539	
WN2115	ambiguous	0		25.9457	11.6996	0	0	0	4	9127	35.35533906	
WN2116	ambiguous	1		18.077	15.6732	0	0	0	2	9093.5	28.5	
WN2117	ambiguous	0		26.1893	9.4862	0	0	0	1	9094	0	
WN2118	plugging	2		26.6056	49.7134	0	0	0	11	9124.090909	46.87983584	
WN2119	nonplugging	3	III:7914569(1)	60.5275	151.7676	54	0	0	0	0	0	
WN2120	nonplugging	2	"III:8846884(1),III:13236479(1)"	26.1189	64.06	14	0	0	0	0	0	
WN2121	nonplugging	3	III:11342198(1)	15.1855	38.1634	9	0	0	0	0	0	
WN2122	ambiguous	1		15.6657	20.8366	0	0	0	0	0	0	
WN2124	ambiguous	3		18.8588	51.2944	0	0	0	0	0	0	
WN2125	ambiguous	3	III:10226372(1)	19.5604	49.1658	0	0	0	0	0	0	
WN2126	ambiguous	2		17.8203	43.839	0	0	0	1	3056508	0	
WN2127	nonplugging	3	"III:8061622(1),III:8848194(1)"	14.5938	42.447	11	0	0	0	0	0	
WN2128	ambiguous	3	III:1908546(1)	10.3477	26.6042	3	0	0	0	0	0	
WN2129	nonplugging	2	III:10230100(1)	21.6221	53.712	8	0	1	0	0	0	
WN2130	ambiguous	5		15.5015	71.2488	0	0	1	0	0	0	
WN2131	ambiguous	2		17.5624	41.4098	0	0	0	1	9050	0	
WN2132	ambiguous	4		14.1799	55.3982	0	0	1	0	0	0	
WN2134	ambiguous	0		19.1451	7.3034	0	0	0	1	9062	0	
WN2136	ambiguous	1		24.4566	13.693	0	0	0	2	9053	1	
WN2137	ambiguous	1		18.0508	9.3466	0	0	0	1	9090	0	
WN2138	ambiguous	0		12.8624	3.464	0	0	0	0	0	0	
WN2139	ambiguous	0		13.5233	5.308	0	0	0	0	0	0	
WN2140	ambiguous	0		11.3405	4.0808	0	0	0	2	2561533	105	
WN2141	ambiguous	0		18.2755	8.2082	0	0	0	0	0	0	
WN2142	ambiguous	2		18.3385	41.9854	0	0	0	3	9120	31.11269837	
WN2143	ambiguous	2		17.4028	31.3022	0	0	0	0	0	0	
WN2144	ambiguous	3		13.7816	42.4208	0	0	0	1	9100	0	
WN2145	ambiguous	3	III:10227447(2)	17.3211	43.4496	0	0	0	2	9103	0	
WN2146	ambiguous	2		14.5095	33.0478	0	0	0	1	9073	0	
WN2147	ambiguous	3	III:10001928(2)	19.0487	48.5954	0	0	0	1	9091	0	
WN2148	nonplugging	3		15.3919	51.1294	6	0	0	1	7628548	0	
WN2149	nonplugging	3		15.7407	41.5834	6	0	0	0	0	0	
WN2150	ambiguous	0		20.1795	4.459	0	0	0	0	0	0	
WN2151	ambiguous	1		16.4085	9.439	0	0	0	3	9074.333333	13.19932658	
WN2152	ambiguous	0		18.1998	6.8116	0	0	0	0	0	0	
WN2153	ambiguous	0		15.9833	6.3858	0	0	0	1	2652881	0	
WN2154	ambiguous	2		20.3247	32.405	0	0	0	1	9049	0	
WN2155	ambiguous	2	"III:10215825(1),III:12942561(1)"	22.0211	52.9348	0	0	0	0	0	0	
WN2156	nonplugging	3		21.996	60.2274	14	0	0	1	1878233	0	
WN2157	nonplugging	3		14.6453	41.5794	6	0	0	0	0	0	
WN2158	nonplugging	2		15.7465	38.0984	7	0	0	1	4454981	0	
WN2159	ambiguous	3		11.6976	34.3904	1	0	0	0	0	0	
WN2160	nonplugging	3		17.398	43.749	13	0	0	0	0	0	
WN2161	nonplugging	2		21.8689	53.9646	10	0	0	0	0	0	
WN2162	nonplugging	3	III:10924088(1)	30.5387	79.1936	6	0	0	0	0	0	
WN2163	nonplugging	3	III:4765808(2)	21.0193	55.025	10	0	0	0	0	0	
WN2164	ambiguous	0		21.26	6.1028	0	0	0	0	0	0	
WN2165	ambiguous	0		13.0749	5.8546	0	0	0	0	0	0	
WN2166	ambiguous	1		18.6232	10.2264	0	0	0	2	9057.5	7.5	
WN2167	nonplugging	3		15.7219	42.827	9	0	0	0	0	0	
WN2168	ambiguous	3		13.2309	34.4172	3	0	0	0	0	0	
WN2169	nonplugging	3	III:8847116(1)	16.2722	41.6264	5	0	0	0	0	0	
WN2170	ambiguous	3	"III:1340756(1),III:9498991(1)"	14.0863	37.0808	4	0	0	0	0	0	
WN2171	nonplugging	3	"III:5232067(1),III:10199705(1)"	32.5291	86.3668	30	0	0	0	0	0	
WN2172	nonplugging	3	"III:1908546(1),III:5031603(1),III:11644054(1),III:12621489(2),III:13498319(2)"	55.3012	154.997	49	0	0	2	2661204	99	
WN2174	ambiguous	1		161.1829	98.8194	0	0	0	90	64454.52222	521665.1845	
WN2175	plugging	1		44.8268	28.0038	0	0	0	19	9105.789474	27.81059803	
WN2176	plugging	1		112.4689	72.8764	0	0	0	68	9146.235294	36.42159898	
WN2177	ambiguous	1		43.1669	61.2862	0	0	0	4	3771177.75	2172054.5	
WN2178	plugging	2	III:10227434(1)	39.9865	89.9098	0	0	0	7	9083.714286	13.85346048	
WN2180	nonplugging	3	III:13490213(1)	62.3817	179.0216	70	0	2	0	0	0	
WN2181	nonplugging	3	"III:1908546(1),III:7733136(1)"	64.3157	172.6502	55	0	2	3	2318649	1906873.176	
WN2182	plugging	2		46.3533	75.636	0	0	0	10	9144.1	128.9142738	
WN2183	plugging	2	III:6048525(1)	50.7596	95.7086	0	0	0	5	9091.6	25.10458126	
WN2184	ambiguous	2		38.2564	60.3206	0	0	1	4	9107	27	
WN2186	plugging	3	"III:3826105(1),III:10226844(3)"	90.3771	231.0374	0	0	2	28	9139.714286	65.19139796	
WN2187	ambiguous	2		41.5161	94.6964	0	0	0	4	1147772	1972279.904	
WN2188	ambiguous	1		74.8893	100.564	0	0	0	7	309814.2857	736633.7096	
WN2189	nonplugging	3		40.263	102.1858	39	0	1	0	0	0	
WN2190	nonplugging	3	"III:5524146(1),III:8732468(1)"	66.7797	174.7228	38	0	1	2	4985708	198	
WN2192	nonplugging	3		118.1387	342.5212	176	0	2	2	4985397.5	142.5	
WN2193	nonplugging	3	"III:2325409(1),III:10957830(1)"	45.8063	125.0502	31	0	0	2	838923	0	
WN2194	nonplugging	2		32.8128	79.6308	26	0	0	0	0	0	
WN2195	nonplugging	3	III:5253674(2)	80.316	214.1896	70	0	0	0	0	0	
WN2196	nonplugging	3		86.6422	235.7004	108	0	3	2	2666287	2318969	
WN2197	nonplugging	3	"III:1908546(1),III:8068862(1)"	87.0453	220.3904	83	0	2	1	655348	0	
WN2198	nonplugging	2	III:609104(2)	38.2805	91.974	41	0	0	0	0	0	
WN2199	nonplugging	2		37.746	94.2818	35	0	0	0	0	0	
WN2200	ambiguous	1		65.9507	86.8904	5	0	0	10	30012.9	62695.045	
WN2201	nonplugging	2	III:3251633(1)	51.8502	129.4634	44	0	0	0	0	0	
WN2202	nonplugging	3	III:2427438(2)	77.4705	197.6914	83	0	0	0	0	0	
WN2203	ambiguous	2	III:4252729(1)	42.7825	91.2344	0	0	0	0	0	0	
WN2204	ambiguous	2	"III:3677984(1),III:9745268(1)"	76.7445	183.965	0	0	0	29	135753.5172	670070.4407	
WN2205	nonplugging	3	"III:1908546(2),III:3717254(1),III:10571306(1)"	102.2465	260.9616	138	0	1	0	0	0	
WN2206	nonplugging	3	"III:8141923(1),III:11334077(1)"	144.7082	385.9082	220	0	0	3	6954550	186.6761902	
WN2207	nonplugging	3		70.7681	181.49	68	0	0	1	3543277	0	
WN2208	nonplugging	2		41.3126	96.7182	25	0	0	0	0	0	
WN2209	nonplugging	2	III:12176041(1)	91.3077	220.9442	92	0	0	0	0	0	
WN2210	nonplugging	3		75.2067	195.9624	66	0	0	1	4985629	0	
WN2211	nonplugging	2	"III:5853574(1),III:6951917(1),III:9606640(1)"	55.3925	135.8886	26	0	1	2	5865359.5	1046197.5	
WN2212	nonplugging	3	"III:3877468(1),III:12936468(2)"	100.8217	255.8074	124	0	0	1	4984244	0	
WN2213	nonplugging	3	"III:4975012(2),III:7036564(1)"	88.3277	228.889	51	0	4	0	0	0	
WN2215	plugging	2		39.7918	77.0054	0	0	0	6	9087.666667	7.542472333	
WN2216	ambiguous	2		42.1774	102.7078	0	0	0	10	345325.7	1008672.767	
WN2217	nonplugging	3	"III:1908547(1),III:6058691(1),III:11545396(1)"	81.206	268.5118	54	0	2	1	3531399	0	
WN2218	nonplugging	3		45.8271	145.9428	37	0	0	0	0	0	
WN2219	nonplugging	2	III:1908547(2)	71.4384	176.9366	47	0	1	1	1645252	0	
WN2220	nonplugging	3		39.7112	104.8268	27	0	1	0	0	0	
WN2221	nonplugging	2		32.1847	79.1378	22	0	0	0	0	0	
WN2222	plugging	2		50.9357	98.9586	0	0	0	14	9142.071429	34.65228149	
WN2223	plugging	2	III:4177517(1)	43.6541	75.3382	0	0	1	15	9099.6	19.69026832	
WN2224	nonplugging	2	"III:3877469(2),III:8125599(2)"	75.5685	188.586	54	0	0	2	2886235.5	1221563.5	
WN2225	nonplugging	2	"III:5867403(1),III:7528241(1)"	47.6983	113.1536	30	0	1	1	3165869	0	
WN2226	nonplugging	2		43.1425	96.49	28	0	0	0	0	0	
WN2228	nonplugging	2		39.0685	95.5358	20	0	0	0	0	0	
WN2229	nonplugging	2	III:11460830(1)	78.4053	193.8802	62	0	1	2	3582142.5	483035.5	
WN2230	plugging	1		57.8506	39.2472	0	0	0	16	9099	36.11786262	
WN2231	nonplugging	3	"III:1908547(1),III:8598397(1),III:12852673(2),III:13336107(1)"	82.2022	206.3628	68	0	1	1	4984374	0	
WN2232	plugging	2	III:3503010(2)	46.4512	76.3692	0	0	0	11	9086.454545	26.84082249	
WN2233	ambiguous	2		37.9566	64.979	0	0	0	4	9104.5	39.16950344	
WN2234	ambiguous	2	"III:2217237(1),III:4030852(1),III:4903581(1),III:5430456(1),III:5751501(1),III:8340672(1),III:12068304(1),III:12783590(2),III:13431445(1)"	134.11	225.0246	0	0	1	23	1951305.696	2645567.252	
WN2235	plugging	1	"III:756081(1),III:1908547(1),III:3877470(1),III:7603615(2),III:13714587(2)"	69.5667	97.6264	0	0	0	9	9101.555556	37.13073334	
WN2236	plugging	2		43.161	66.7738	0	0	0	12	9097.583333	26.27882016	
WN2237	plugging	0		42.3965	14.2156	0	0	0	5	9098.2	13.4669967	
WN2238	ambiguous	1		79.5211	55.919	0	0	0	23	153068.2609	675123.2525	
WN2239	ambiguous	2	III:10227192(1)	43.3536	93.1992	0	0	0	8	1019584.375	2673525.511	
WN2240	plugging	2		91.1836	144.9798	0	0	0	13	9151	56.61611622	
XZ1513	plugging	3	III:13554275(10)	63.5927	174.0548	0	0	3	51	9228.960784	62.94503073	
XZ1514	plugging	1		58.3126	86.517	0	0	19	53	9232.301887	70.79110511	
XZ1515	plugging	2		58.013	137.6984	0	0	3	46	9212.347826	64.1280029	
XZ1516	plugging	3		57.7958	184.8262	0	0	30	52	9248.230769	88.68713708	
XZ1672	plugging	3		30.1567	76.3266	0	0	0	24	9195.5	61.76366246	
XZ1734	plugging	1		42.674	35.1458	0	0	0	32	9192.53125	60.76645064	
XZ1735	plugging	1		32.0048	23.6546	0	0	0	19	9177.263158	81.23574667	
XZ1756	plugging	4		33.4856	121.413	0	0	0	35	9218.542857	70.21369132	
XZ2018	nonplugging	3		36.3698	105.753	82	0	1	0	0	0	
XZ2019	plugging	6		41.7298	245.151	0	0	0	45	9191.888889	74.16055322	
XZ2020	plugging	4		28.6505	126.3216	0	0	0	27	9180.925926	88.09587619	
XZ2210	plugging	1		68.2944	56.7106	0	0	0	35	9140.542857	52.15818953	
XZ2211	plugging	11	"III:8626301(1),III:8774520(7)"	50.9547	556.28	0	0	13	30	9136.5	48.95695388	
XZ2212	ambiguous	4	"III:3738184(2),III:13554146(17)"	65.1532	230.2338	0	0	0	32	362065.8438	1499001.136	
XZ2213	plugging	10	"III:109528(3),III:4416213(1),III:8774234(7),III:10232504(1)"	36.1949	378.577	0	0	1	11	9138.636364	40.2611311	